Equipe;Processo;Data Entrada;Status;Responsável;Prazo;UF;Contrato;BR;Tipo;Assunto;Providência;SEI Recebido;1 - SEI Criado;2 - SEI Criado;3 - SEI Criado;Data de Revisão;Observações;Data de Assinatura;Criado por;Data Criação;Cadastrado no SIMA?;Tem Prazo;Comentários;
PROJETO;50600.025887/2023-52;2025-02-14;Assinado;Rebeca;2025-02-21;RS;00 00375/2024;BR-116;Projetos;Pendência de deliberação da Comissão Binacional - Reunião da Comissão Binacional -- BR-116/RS;"Ofício do Consórcio informando que o cronograma não será atendido por falta de decisão, na análise de projeto, pelo Governo do Uruguai. Marília orientou aguardar alguma definição da DPP para resposta, visto que a Diretoria já repassou a problemática ao Ministério. 
04/08 - Com a reunião Binacional, relatar solução do Proj. Geométrico. VERIFICAR PQ NÃO FOI ASSINADO";20319029;21782079;;;2025-08-04;Documento no bloco em 28/07 necessitou de ajustes.;2025-08-12;Rebeca Braz Soares Fiameni;2025-07-07;Sim;Não;;
PROJETO;50610.005571/2020-82;2025-04-16;Assinado;Rebeca;2025-04-23;RS;10 00821/2019;BR-116;Projetos;Contrato nº 10 00821/2019 - Encaminhamento de Análises de Projetos - BR-116/RS.;Encaminhamento à SR para conhecimento de análise de projeto.;20897664;20749435;20750672;20751590;2025-04-16;;2025-04-16;Bruno Pimenta Resende;2025-02-06;Sim;Não;;
ASSESSORIA COAC;50001.024541/2025-58;2025-05-09;Assinado;Rebeca;2025-05-16;-;-;-;FALA-BR;Solicitação de informações - Lei de Acesso à Informação. Subsídios para Decisão de Recurso em Segunda Instância.;"Remetente: Fala-BR 
Sobre exportação de dados de latitude e longitude das obras.";21091895;21096807;;;2025-05-12;;2025-05-12;Gabrielle Afonso Pereira Nogueira;;Sim;Não;;
PROJETO;50603.002068/2024-98;2025-01-31;Assinado;Rebeca;2025-02-07;CE;03 00077/2024;BR-116;Projetos;Contrato nº 00 00077/2024 - Ciência de projetos e análises do reconhecimento da Faixa de Domínio - BR-116/CE.;Ciência de projetos e análises do reconhecimento da Faixa de Domínio - BR-116/CE;20172681;21110673;;;2025-05-14;;2025-05-14;Bruno Pimenta Resende;2025-07-07;Sim;Não;;
PROJETO;50603.002068/2024-98;2025-04-17;Assinado;Rebeca;2025-04-24;CE;03 00077/2024;BR-116;Projetos;Contrato nº 00 00077/2024 - Ciência de projetos e análises do reconhecimento da Faixa de Domínio - BR-116/CE.;Ciência de projetos e análises do reconhecimento da Faixa de Domínio - BR-116/CE;20923950;21110673;;;2025-05-14;;2025-05-14;Bruno Pimenta Resende;2025-04-06;Sim;Não;;
PROJETO;50600.003198/2025-59;2025-04-24;Assinado;Bruno;2025-05-01;PA;02 00261/2024;BR-230;Projetos;Envio de Caderno de Desenhos - Contrato n.º 02 00261/2024. BR-230/PA.;Possível PAAR - analisar com calma;20964531;21518195;;;2025-04-24;;2025-04-24;Bruno Pimenta Resende;25/06/2025;Sim;Não;;
PROJETO;50600.002661/2025-45;2025-04-25;Assinado;Rebeca;2025-05-02;TO;00 00958/2024;BR-226;Projetos;Encaminhamento de documentos referentes ao Projeto para a reconstrução da ponte sobre o Rio Tocantins – Contrato n.º 00958/2024.;Ciência do Termo de Aceite - OAE infra e meso;20669776;21115059;;;2025-05-14;;2025-05-14;Bruno Pimenta Resende;2025-04-06;Sim;Não;;
PROJETO;50600.002661/2025-45;2025-04-25;Assinado;Rebeca;2025-05-02;TO;00 00958/2024;BR-226;Projetos;Encaminhamento de documentos referentes ao Projeto para a reconstrução da ponte sobre o Rio Tocantins – Contrato n.º 00958/2024.;Encaminhamento ao Consórcio do Termo de Aceite;20669776;21115284;;;2025-05-14;;2025-05-14;Bruno Pimenta Resende;2025-04-06;Sim;Não;;
PROJETO;50600.018392/2024-58;2025-04-23;Assinado;Rebeca;2025-04-30;TO;23 00748/2023;BR-010;Projetos;Versão final do projeto da ponte sobre o rio Araguaia na BR-153/PA/TO.;Ciência de As Built;20948566;21115597;;;2025-05-14;;2025-05-14;Bruno Pimenta Resende;2025-04-06;Sim;Não;;
PROJETO;50611.003640/2024-37;2025-04-28;Assinado;Rebeca;2025-05-05;MT;11 00259/2016;BR-242;Projetos;Relatório de Metodologia Avaliatória-RMA- BR-158/MT - Contorno Maraiwatsede - Lote B;Ciência quanto à análise da supervisora;20994326;21115707;;;2025-05-14;;2025-05-14;Bruno Pimenta Resende;2025-04-06;Sim;Não;;
ASSESSORIA COAC;50600.000166/2025-00;2025-04-29;Assinado;Gabrielle;2025-05-06;-;-;-;Externo;Termo de Arrolamento e Transferência de bens de Bens das rodovias federais BR-060/452/GO - do Sistema Rodoviário Rota Verde no estado de Goiás.;"Remetente: ANTT 
Resposta sobre a via ser concedida de acordo com o PER.
";20999384;21242892;;;2025-06-04;;2025-06-04;Gabrielle Afonso Pereira Nogueira;2025-04-06;Sim;Não;;
PROJETO;50613.000439/2018-30;2025-04-29;Assinado;Gabrielle;2025-05-29;PB;13 00938/2017;BR-230;PAAR;Encaminhamento de manifestação do Consórcio LCM/CCL/PRODEC sobre o cumprimento do cronograma para entrega dos Projetos Executivos de OAE. - Ofício nº 76737/2025/DIR/DNIT SEDE (SEI! 20787826);Responder a resposta da resposta da notificação, deixando claro que a COAC não tem o que aplicar no PAAR.;21003000;21517083;;;2025-06-24;;2025-07-17;Bruno Pimenta Resende;24/06/2025;Sim;Não;;
ASSESSORIA COAC;50600.038641/2021-89;2025-04-29;Assinado;Rebeca;2025-05-06;RS;00 00375/2024;BR-116;Externo;Atualização das informações referentes aos contratos do DNIT nas rodovias BR-116/158/290/392/RS.;"Remetente: Secretaria Nacional de Transporte Rodoviário do Ministério dos Transportes - SNTR/MT
Informações sobre contratos em andamento (BR 116, 158, 290, 392) - encaminhamente para a regional.";20989257;21164072;;;2025-04-29;;2025-05-16;Gabrielle Afonso Pereira Nogueira;2025-04-06;Sim;Não;;
PROJETO;50606.000347/2025-78;2025-04-28;Assinado;Rebeca;2025-05-05;MG;00 00619/2024;BR-381;Projetos;Contrato nº 00 00619/2024 - Ciência de Análise de Projetos - BR-381/MG.;Informativo de destaque de informação da CGDESP em NotaTécnica de análise de Plano de Tráfego. Informação já havia sido repassada ao Consórcio;20989708;21116091;;;2025-05-14;;2025-05-14;Bruno Pimenta Resende;2025-04-06;Sim;Não;;
PROJETO;50602.001136/2024-10;2025-05-05;Assinado;Rebeca;2025-06-04;PA;02 00261/2024;BR-230;Notificação;Descumprimento Contratual - Análise.;SR envia documento para a CGCONT analisar possível PAAR. Encaminhamento para fiscalização instaurar, caso julgue necessário. Citar os capítulos da IN;21025809;21328182;;;2025-05-05;;2025-06-10;Bruno Pimenta Resende;2025-11-06;Sim;Não;;
ASSESSORIA COAC;50621.001041/2024-60;2025-04-15;Assinado;Rebeca;2025-04-22;SE;21 00409/2021;BR-101;Externo; Posto fiscal de Cristinápolis – SE.;"Solicitante: Secretaria Nacional de Transporte Rodoviário do Ministério dos Transportes – SNTR/MT.
Enviado para a SR pedindo informações.
";20817426;21116191;;;2025-05-16;;2025-05-16;Gabrielle Afonso Pereira Nogueira;2025-04-06;Sim;Não;;
PROJETO;50600.015748/2024-00;2025-04-15;Assinado;Rebeca;2025-04-22;AL;00 00057/2024;BR-349;Projetos;Contrato nº 00 00057/2024 - Solicitação de exclusão de documentos.;Despacho para informar que não é possível exclusão de documentos protocolados por usuário externo;20893102;21122551;21118330;;2025-04-15;;2025-04-15;Bruno Pimenta Resende;24/06/2025;Sim;Não;;
PROJETO;50600.015748/2024-00;2025-04-24;Assinado;Rebeca;2025-05-01;AL;00 00057/2024;BR-349;Projetos;Contrato nº 00 00057/2024 -Termo de Aceite Estudo Hidrológico - BR-349/AL/SE ;Encaminhamento do termo de aceite Estudo Hidrológico;20968918;21118330;;;2025-05-14;;2025-05-14;Bruno Pimenta Resende;2025-04-06;Sim;Não;;
ASSESSORIA COAC;50600.013599/2025-17;2025-05-08;Assinado;Rebeca;2025-05-15;MT;11 00259/2016;BR-242;Externo;Pavimentação da BR-242, no trecho entre São Félix do Araguaia e a BR-158, em Alto da Boa Vista, no estado de Mato Grosso;"Remetente: Secretaria Nacional de Transporte Rodoviário do Ministério dos Transportes - SNTR - Gabinete do presidente da república
Sobre pavimentação da BR 242 enviamos para a DPP por se tratar de um EVTEA.
";21089656;21201163;;;2025-05-21;;2025-05-21;Gabrielle Afonso Pereira Nogueira;2025-04-06;Sim;Não;;
ASSESSORIA COAC;50600.013519/2025-23;2025-05-09;Assinado;Rebeca;2025-05-16;PE;04 00260/2021;BR-423;Externo;Solicitação de pavimentação da BR-110/PE.;"Remetente: FALA BR 
Solicitando pavimentação da 110 PE e informações sobre o trecho.";21088882;21131112;;;2025-05-09;;2025-05-21;Gabrielle Afonso Pereira Nogueira;2025-04-06;Sim;Não;;
ASSESSORIA COAC;50612.000608/2025-71;2025-05-07;Assinado;Gabrielle;2025-05-14;MG;00 00277/2022;BR-135;Externo;Termo de Arrolamento e Reversão de Bens e Termo Aditivo ao Termo de Arrolamento e Transferência de Bens - BR-262/MG (Rota do Zebu);"Remetente: ANTT (Termo de arrolamento)
Resposta a DIR sobre não haver nada no trecho (Rota do Zebu)";21060262;21238814;;;2025-05-07;;2025-06-04;Gabrielle Afonso Pereira Nogueira;2025-06-06;Sim;Não;;
ASSESSORIA COAC;50611.001086/2025-34;2025-05-12;Assinado;Rebeca;2025-05-19;MT;11 00259/2016;BR-242;Externo;Concessão da Rodovia BR-070/MT – Travessia Urbana de Cáceres/MT. ;"Remetente: Prefeitura Municipal de Cáceres
Solicitação de manter a BR 070/MT sobre responsabilidade do DNIT.";21104290;21219651;;;2025-05-12;;2025-05-22;Gabrielle Afonso Pereira Nogueira;2025-04-06;Sim;Não;;
ASSESSORIA COAC;50600.034128/2024-61;2025-05-23;Assinado;Gabrielle;2025-05-30;PR;09 00397/2021;BR-487;FALA-BR;Concessão das Rodovias Paranaenses - BR-369/373/376/PR - Lote 3.;"Remetente: ANTT 
Termo de arrolamento já assinado BR-369/373/376/PR e PR-090/170/323/445 – Lote 3.";21207090;21245465;;;2025-05-23;;2025-05-30;Gabrielle Afonso Pereira Nogueira;2025-04-06;Sim;Não;;
PROJETO;50600.014362/2025-53;2025-05-28;Assinado;Bruno;2025-06-27;AL;00 00083/2017;BR-101;Notificação;Descumprimento dos prazos fixados no Cronograma Físico-Financeiro para entrega de Projeto Básico/Executivo.;-;-;21137263;;;2025-05-28;;2025-06-02;Bruno Pimenta Resende;2025-04-06;Sim;Não;;
PROJETO;50600.015453/2025-14;2025-05-28;Assinado;Bruno;2025-06-27;BA;00 00379/2024;BR-116;Notificação;Descumprimento dos prazos fixados no Cronograma Físico-Financeiro para entrega de Projeto Básico/Executivo.;-;-;21267381;;;2025-05-28;;2025-06-02;Bruno Pimenta Resende;2025-04-06;Sim;Não;;
PROJETO;50600.015508/2025-88;2025-05-28;Assinado;Bruno;2025-06-27;GO;12 00350/2024;BR-070;Notificação;Descumprimento dos prazos fixados no Cronograma Físico-Financeiro para entrega de Projeto Básico/Executivo.;-;-;21271893;;;2025-05-28;;2025-06-02;Bruno Pimenta Resende;2025-04-06;Sim;Não;;
PROJETO;50600.015618/2025-40;2025-05-28;Assinado;Bruno;2025-06-27;PA;02 00398/2024;BR-230;Notificação;Descumprimento dos prazos fixados no Cronograma Físico-Financeiro para entrega de Projeto Básico/Executivo.;-;-;21281845;;;2025-05-28;;2025-06-02;Bruno Pimenta Resende;2025-04-06;Sim;Não;;
PROJETO;50600.015633/2025-98;2025-05-28;Assinado;Bruno;2025-06-27;PE;04 00520/2022;BR-407;Notificação;Descumprimento dos prazos fixados no Cronograma Físico-Financeiro para entrega de Projeto Básico/Executivo.;-;-;21285263;;;2025-05-28;;2025-06-02;Bruno Pimenta Resende;2025-04-06;Sim;Não;;
PROJETO;50600.015637/2025-76;2025-05-28;Assinado;Bruno;2025-06-27;RO;22 00902/2020;BR-364;Notificação;Descumprimento dos prazos fixados no Cronograma Físico-Financeiro para entrega de Projeto Básico/Executivo.;-;-;21285689;;;2025-05-28;;2025-06-02;Bruno Pimenta Resende;2025-04-06;Sim;Não;;
PROJETO;50600.015639/2025-65;2025-05-28;Assinado;Bruno;2025-06-27;TO;23 00658/2023;BR-153;Notificação;Descumprimento dos prazos fixados no Cronograma Físico-Financeiro para entrega de Projeto Básico/Executivo.;-;-;21285910;;;2025-05-28;;2025-06-02;Bruno Pimenta Resende;2025-04-06;Sim;Não;;
PROJETO;50619.000790/2024-19;2025-05-21;Assinado;Thânia;2025-05-28;MS;19 00758/2023;BR-060;Projetos;Contrato nº 19 00758/2023 - Ciência do projeto e análise - BR-267/MS;Revisar posicionamento dos documentos recebidos;21203073;21642205;21642216;;2025-07-09;"1º versão 21/05 -  21208707 (Marília retirou do bloco)
Correção 04/06 - Marília retirou do bloco
2º correção 12/06 - Bloco
2º versão 23/06 - 21502095


Os ofícios foram gerados em resposta aos seguintes documentos: Despacho (DNIT) (SEI nº 21024591), e aos Ofícios 119067 (SEI nº 21203073), 147788 (SEI nº 21473385), 149349 (SEI nº 21489066) e 150987 (SEI nº 21506130)";2025-07-17;Bruno Pimenta Resende;2025-09-07;Sim;Não;;
PROJETO;50609.004210/2023-09;2025-05-29;Assinado;Thânia;2025-06-05;PR;09 00397/2021;BR-487;Projetos;" - Ciência de análise.
 - Termo de Aceite .
- Encaminhamento de documento";#NOME?;21297823;21419824;21445675;;2025-05-29;21239588/21211452 / 21424894;2025-06-23;Bruno Pimenta Resende;23/06/2025;Sim;Não;;
PROJETO;50611.003107/2022-11;2025-05-27;Assinado;Thânia;2025-06-03;MT;11 00159/2022;BR-158;Projetos;Contrato n.º 11 00159/2022 - Ciência de Projetos - BR-158/MT.;Encaminhamento à empresa das análises de projeto;21031066;21218091;;;2025-05-27;;2025-05-27;Bruno Pimenta Resende;2025-11-06;Sim;Não;;
PROJETO;50611.003107/2022-11;2025-05-29;Assinado;Thânia;2025-06-05;MT;11 00159/2022;BR-158;Projetos;Contrato nº 11 00159/2022 - Encaminhamento de análises - BR-158/MT.;Encaminhamento à DIR para ciência de análise de projeto.;21260489;21299144;;;2025-05-29;;2025-06-04;Rebeca Braz Soares Fiameni;2025-05-06;Sim;Não;;
PROJETO;50600.002918/2020-54;2025-05-29;Assinado;Thânia;2025-06-05;-;-;-;Projetos;Contrato nº 00 00248/2019 - Encaminhamento de Análise e Termo de Aceite  - BR-277/PR.;Encaminhamento à DIR para ciência do documento.;21281681;21295438;;;2025-05-29;"
";2025-05-29;Rebeca Braz Soares Fiameni;2025-12-06;Sim;Não;;
PROJETO;50600.002918/2020-54;2025-05-29;Assinado;Thânia;2025-06-05;-;-;-;Projetos;Emissão de Termo de Aceite Contrato n.º 248/2019 - Rodovia BR-277/PR.;Encaminhamento à empresa para ciência da análise de projeto.;21281681;21295512;;;2025-05-29;;2025-05-29;Rebeca Braz Soares Fiameni;2025-12-06;Sim;Não;;
PROJETO;50600.001848/2025-21;2025-05-13;Assinado;Bruno;2025-05-20;TO;00 00958/2024;BR-226;Projetos; Emissão de Parecer de Interferência Prévia (PIP) - Reconstrução da Ponte JK.;Despacho conclusivo elaborado ;21095412;21378371;;;2025-05-13;;2025-06-10;Rebeca Braz Soares Fiameni;2025-10-06;Sim;Não;;
PROJETO;50600.037160/2024-07;2025-05-28;Assinado;Bruno;2025-06-04;BA;00 00392/2024;BR-030;Projetos;Relatório de Análise de projeto referente ao Contrato n.º 392/2024.;Encaminhamento à DIR para ciência da aprovação.;21264405;21336184;21336210;;2025-05-28;SEI Recebidos: 21105027, 21119115, 21229337;2025-06-04;Rebeca Braz Soares Fiameni;2025-05-06;Sim;Não;;
PROJETO;50603.000483/2023-26;2025-05-29;Assinado;Bruno;2025-06-05;CE;03 00077/2024;BR-116;Projetos;Informamos a inclusão, no presente processo, dos documentos listados abaixo, encaminhado pelo Consórcio CLC-CONSERVA-ESTRATÉGICA, contrato nº 03-77/2024, via e-mail, conforme (SEI nº 21297891);Encaminhamento à DIR sobre ciência dos documentos.;21298103;21339469;;;2025-05-29;SEI recebido: 21213130;2025-06-04;Rebeca Braz Soares Fiameni;2025-05-06;Sim;Não;;
PROJETO;50600.002661/2025-45;2025-05-26;Assinado;Thânia;2025-06-02;TO;00 00958/2024;BR-226;Projetos;Análise de Projeto Executivo - BR-226/TO.;Encaminhamento à DIR para ciência da análise de documento.;21225708;21340781;21399381;;2025-05-26;;2025-05-26;Rebeca Braz Soares Fiameni;2025-12-06;Sim;Não;;
PROJETO;50609.001700/2014-54;2025-05-23;Assinado;Bruno;2025-05-30;PR;-;-;Projetos;Informamos a inclusão, no presente processo, dos documentos listados abaixo, encaminhados pelo Consórcio CASTILHO STE, contrato SR/PR-00397/2021, via e-mail, conforme (SEI nº 21031171 e SEI nº 21181832).;Encaminhamento à DIR para ciência dos documentos.;21216473;21505808;;;2025-07-09;1ª Versão - 21347053 - 18/06/2025;2025-07-17;Bruno Pimenta Resende;2025-09-07;Sim;Não;;
PROJETO;50611.003641/2024-81;2025-05-22;Assinado;Thânia;2025-05-29;MT;11 00159/2022;BR-158;Projetos;Análise dos Projetos Referentes ao Contrato n.º 159/2022-00.; Ecaminhamento ao consórcio para conhecimento e providências referentes a análise.;21210712;21348379;;;2025-05-22;;2025-06-12;Rebeca Braz Soares Fiameni;2025-12-06;Sim;Não;;
PROJETO;50600.003198/2025-59;2025-05-20;Assinado;Bruno;2025-05-27;PA;02 00261/2024;BR-230;Projetos;Envio de Caderno de Desenhos - Contrato n.º 02 00261/2024. BR-230/PA.;Encaminhamento à DIR com ciência dos projetos.;20964531;21421570;;;2025-05-20;;2025-06-11;Bruno Pimenta Resende;2025-11-06;Sim;Não;;
PROJETO;50610.005571/2020-82;2025-05-20;Assinado;Bruno;2025-05-27;RS;10 00821/2019;BR-116;Projetos;Considerando Ofício CE-624/2025 (SEI 20867693) do Consórcio Construtor dos Melhoramentos Físicos e de Segurança de Tráfego da BR-116, o qual contempla a resposta deste ao o Ofício Nº 73226/2025/COAC/CGCONT/DIR/DNIT SEDE (SEI 20751590), enviamos o presente expediente para o devido encaminhamento à CGCONT.;Encaminhamento à DIR para ciência dos documentos.;20897664;21333988;;;2025-05-20;;2025-06-04;Rebeca Braz Soares Fiameni;2025-05-06;Sim;Não;;
PROJETO;50621.000865/2023-31;2025-05-29;Assinado;Gabrielle;2025-06-05;SE;21 00409/2021;BR-101;Projetos;Projetos concluídos no âmbito do Contrato n.º 512/2024.;Aprovação de projetos - ciência a DIR. ;21254098;21308554;;;2025-05-29;;2025-06-04;Gabrielle Afonso Pereira Nogueira;2025-05-06;Sim;Não;;
PROJETO;50600.015748/2024-00;2025-06-02;Assinado;Gabrielle;2025-06-09;AL;00 00057/2024;BR-349;Projetos;Assunto: Emissão de Termo de Aceite Contrato n.º 57/2024​​ - Rodovia BR 349/AL/SE;Encaminhamento do termo de aceite ao consórcio;21282198;21327640;;;2025-06-02;;2025-06-10;Bruno Pimenta Resende;2025-11-06;Sim;Não;;
ASSESSORIA COAC;50600.006415/2025-62;2025-06-03;Assinado;Gabrielle;2025-06-10;MS;19 00758/2023;BR-060;Externo;Assunto: Ponte internacional sobre o Rio Uruguai - Porto Xavier - Edital de Concorrência Eletrônica n.º 90470/2024;"Remetente: RBF
Foi enviado para a SR tomar as provicências pedidas pela RBF assim que iniciar o contrato.
";21458018;21503447;;;2025-07-07;;2025-07-07;Gabrielle Afonso Pereira Nogueira;2025-08-07;Sim;Não;;
ASSESSORIA COAC;50621.001041/2024-60;2025-06-03;Assinado;Gabrielle;2025-06-10;-;-;-;Externo;Posto fiscal de Cristinápolis – SE.;"Remetente: SNTR
Solicitação sobre alguns pontos do contrato( posto fiscal de cristianópolis), foi enviado à SR para resposta e devolvido /á DIR corroborando com a fala da SR.
";21319281;21334945;;;2025-06-03;;2025-06-09;Gabrielle Afonso Pereira Nogueira;2025-10-06;Sim;Não;;
ASSESSORIA COAC;50600.038641/2021-89;2025-05-23;Assinado;Gabrielle;2025-05-30;RS;00 00375/2024;BR-116;Externo;Reiteração - Atualização das informações referentes aos contratos do DNIT nas rodovias BR-116/158/290/392/RS.;"Remetente: SNTR
Reiteramos para a SR a necesidade de atendimento sobre informações das BR 116/RS, 158/RS, 290/RS e 392/RS.
E informamos a DIR sobre a reiteração";21228674;21363805;21364107;;2025-06-09;;2025-06-12;Gabrielle Afonso Pereira Nogueira;2025-12-06;Sim;Não;;
PROJETO;50600.015618/2025-40;2025-06-04;Assinado;Gabrielle;2025-06-11;PA;02 00398/2024;BR-230;Notificação;Descumprimento dos prazos fixados no Cronograma Físico-Financeiro para entrega de Projeto Básico/Executivo.;Resposta para a SR colando para a DIR sobre notificação de atraso de cronograma.;21331961;21353304;;;2025-06-04;;2025-06-12;Gabrielle Afonso Pereira Nogueira;2025-12-06;Sim;Não;;
ASSESSORIA COAC;50600.032804/2022-09;2025-06-04;Assinado;Gabrielle;2025-06-11;-;-;-;Externo;Assunto: Solicitação de gestão em face de pagamentos pendentes - Contrato n.º 320/2022. Rodovia BR-101/PE/AL/SE/BA.;Resposta a DIR sobre manifestação de empresa de supervisão ambiental ameaçando suspender os serviços na BR 101 por falta de pagamento.;21334411;21367100;;;2025-06-04;;2025-06-09;Gabrielle Afonso Pereira Nogueira;2025-10-06;Sim;Não;;
PROJETO;50611.003107/2022-11;2025-06-06;Assinado;Bruno;2025-06-13;MT;-;-;Projetos;Contrato nº 11 00159/2022 - Encaminhamento de análise - BR-158/MT.;AGUARDAR SRE RECEBER PROJETOS. NÃO NECESSITA ENVIAR ANÁLISE PARA EMPRESA DEVIDO JÁ TEREM ENVIADO AS ALTERAÇÕES.;21361709;21703227;21703237;;2025-07-15;"1º versão 18/06 - 21480179/ 21480678
Parado no bloco";2025-07-17;Rebeca Braz Soares Fiameni;2025-11-07;Sim;Não;;
ASSESSORIA COAC;50600.016227/2025-42;2025-06-09;Assinado;Rebeca;2025-06-16;-;-;-;FALA-BR;Pedido de informações - Lei de Acesso à Informação - LAI;"FALA BR
Solicitação de todas as obras do Ministério de Transportes que estão paradas e os motivos.";21383663;21406701;;;2025-06-09;;2025-06-09;Gabrielle Afonso Pereira Nogueira;26/06/2025;Sim;Não;;
PROJETO;50600.034231/2024-10;2025-06-09;Assinado;Bruno;2025-06-16;BA;00 00391/2024;BR-030;Projetos;Encaminhamento de Projetos Análises e Despacho;Envio de Despacho;21367984;21680539;21680555;21680722;2025-06-26;1º versão revisada dia 26/06;2025-07-10;Bruno Pimenta Resende;2025-11-07;Sim;Não;;
ASSESSORIA COAC;50600.000572/2022-11;2025-06-05;Assinado;Gabrielle;2025-06-12;-;-;-;Externo;Termos de Arrolamento de Bens - Rodovias do Paraná - Lotes 04 e 05.;"Remetente: SNTR 
Solicitação de dados sobre os lotes 4 e 5 para concessão em trechos das BR 22, 376, 158, 163, 369 E 467.
Modelo para termo de arrolamento.";21352054;21541803;;;2025-07-03;;2025-07-07;Gabrielle Afonso Pereira Nogueira;2025-08-07;Sim;Não;;
ASSESSORIA COAC;50600.015908/2025-93;2025-06-06;Assinado;Gabrielle;2025-06-13;-;-;-;Externo;Solicitação de Levantamento de Informações para Elaboração do Termo de Arrolamento das Rodovias BR-060/GO e BR-364/GO/MT.;"Remetente: SNTR
Termo de arrolamento dos trechos 060/GO, 364/GO, 364/MT, contorno do araguaia e contorno de Jataí.
Modelo de termo de arrolamento sem obra no trecho.";21358057;21624076;;;2025-07-03;;2025-07-07;Gabrielle Afonso Pereira Nogueira;2025-08-07;Sim;Não;;
ASSESSORIA COAC;50600.021197/2020-81;2025-06-06;Assinado;Gabrielle;2025-06-13;-;-;-;Externo;Estudos Comparativos Referentes aos Trechos das Obras de Duplicação da Rodovia BR-116/RS e BR-392/RS – Ecosul.;"Remetente: ANTT
Termo de arrolamenro das rodovias 116/RS e 392/RS que tem uma entrave entre a concessionária e a SRE sobre as obras de duplicação e sua conservação. Corroboramos com a NT da SRE.";21348580;21541334;;;2025-06-06;;2025-06-06;Gabrielle Afonso Pereira Nogueira;2025-08-07;Sim;Não;;
ASSESSORIA COAC;50001.056571/2025-23;2025-06-05;Assinado;Rebeca;2025-06-12;-;-;-;FALA-BR; Lei de Acesso à Informação.;"Remetente: FALA BR
Levantamento dos contratos cancelados (rescindidos/encerrados) de 2020 a 2025 com mais algumas informações.";21365642;21478060;;;2025-06-05;;2025-06-18;Gabrielle Afonso Pereira Nogueira;30/06/2025;Sim;Não;;
PROJETO;50600.015633/2025-98;2025-06-10;Assinado;Gabrielle;2025-06-17;PE;04 00260/2021;BR-423;Notificação;Descumprimento dos prazos fixados no Cronograma Físico-Financeiro para entrega de Projeto Básico/Executivo.;Encaminhamento à DIR sobre resposta de notificação de cronograma atrasado.;21387019;21440844;;;2025-07-07;;2025-07-17;Rebeca Braz Soares Fiameni;2025-07-09;Sim;Não;;
PROJETO;50610.004452/2024-36;2025-05-29;Assinado;Thânia;2025-06-05;RS;10 00821/2019;BR-116;Projetos;Ciência de projetos e análises - BR-116/RS;Elaboração de Minuta do Ofício 143025 (SEI nº 21428965), para assinatura da coordenadora.;21284702;21428965;;;2025-05-29;;2025-06-12;Rebeca Braz Soares Fiameni;2025-12-06;Sim;Não;;
PROJETO;50600.002918/2020-54;2025-06-12;Assinado;Rebeca;2025-06-19;PR;-;-;Projetos; Inclusão de documento.;Analisar se pode ser um despacho de conclusão ou um documento de ciência;21388924;21722346;;;2025-07-14;;2025-07-17;Rebeca Braz Soares Fiameni;2025-02-07;Sim;Não;;
PROJETO;50606.000347/2025-78;2025-06-12;Assinado;Thânia;2025-06-19;MG;00 00619/2024;BR-381;Projetos;"Encaminhamento dos Estudos Geológicos e do Relatório Preliminar de Avaliação 
Ambiental.";Ciência do documento, visto já ter sido enviado à CGDESP pela SR;21415147;21590837;;;2025-07-10;Também em resposta ao sei recebido: 21575613;2025-07-17;Rebeca Braz Soares Fiameni;2025-10-07;Sim;Não;;
PROJETO;50600.015639/2025-65;2025-06-12;Assinado;Gabrielle;2025-06-19;TO;23 00748/2023;BR-010;Notificação;Descumprimento dos prazos fixados no Cronograma Físico-Financeiro para entrega de Projeto Básico/Executivo.;Responder notificação com padrão criado;21403690;21441385;;;2025-06-24;;2025-07-17;Bruno Pimenta Resende;26/06/2025;Sim;Não;;
PROJETO;50600.007228/2025-04;2025-06-16;Assinado;Gabrielle;2025-06-23;BA;00 00379/2024;BR-116;Projetos;Proposta de apresentação dos projetos - Contrato n.º 379/2024 - Rodovia BR-116/BA.;Enviado a empresa a análise do projeto.;21407098;22039587;22046018;;2025-08-15;"21609484
21648515
1ª Versão - 21687467 - 10/07/2025
2ª Versão - 21987229 - 11/08/2025.
3ª Versão - 22039587 e 22046018 - 13/08/2025.";2025-08-22;Rebeca Braz Soares Fiameni;2025-10-07;Sim;Não;;
PROJETO;50619.000599/2022-13;2025-06-17;Assinado;Bruno;2025-06-24;MS;-;-;Projetos;Contrato 19 00194/2021​ – Encaminhamento do Termo de Aceite - BR-419/MS.;Envio para a empresa;21459948;21683335;21683602;;2025-07-15;1ª Versão 18/06 - 21487930;2025-07-17;Rebeca Braz Soares Fiameni;2025-09-07;Sim;Não;;
PROJETO;50604.001490/2023-35;2025-06-18;Assinado;Bruno;2025-06-25;PE;-;-;Projetos;Contrato nº 04 00260/2021 - Ciência de Projetos e Análises - BR-423/PE;Ciência de tudo;21479245;21718481;;;2025-07-15;Marília autorizou dar ciência de todos os documentos q não foram enviados, anteriormente, para a CGCONT;2025-07-17;Rebeca Braz Soares Fiameni;2025-02-07;Sim;Não;;
ASSESSORIA COAC;50600.015857/2025-08;2025-06-18;Assinado;Gabrielle;2025-06-25;-;-;-;Externo;A Associação Brasileira das Empresas Distribuidoras e Industrializadoras de Asfaltos - ABEDA solicita uma estimativa de consumo dos diferentes tipos de ligantes asfálticos que deverão ser utilizados ao longo do exercício de 2025.;Levantamento feito com o saldo a executar do SIAC, e ofício dizendo que o levantamento não é confiável por conta do saldo a executar de todos os contratos não envolverem só 2025.;21461074;21924958;21925209;;2025-07-31;"18/07 - Atualização da planilha. 
31/07 - 21565649 e 21779106
Planilha e documento revisados pela Fernanda.";2025-08-04;Rebeca Braz Soares Fiameni;2025-11-07;Sim;Não;;
PROJETO;50610.001283/2023-00;2025-06-18;Assinado;Rebeca;2025-06-25;RS;00 00375/2024;BR-116;Projetos; Projeto Geométrico da Segunda Ponte Internacional sobre o Rio Jaguarão, na Rodovia BR-116/RS.;Encaminhar para DIR sobre atualizações do Min. de Rel. Exteriores do Uruguai.;21474177;21900155;;;2025-08-01;"Atualização de documento em 18/07, versão antiga: 21570140.
Nova atualização - 21779198";2025-08-08;Rebeca Braz Soares Fiameni;2025-07-09;Sim;Não;;
PROJETO;50603.000829/2024-77;2025-06-18;Assinado;Bruno;2025-06-25;CE;03 00077/2024;BR-116;Projetos;Ciência de Projetos;Ciência;21482428;21522208;21522726;;2025-06-18;21496088;2025-06-25;Bruno Pimenta Resende;25/06/2025;Sim;Não;;
PROJETO;50600.037160/2024-07;2025-06-18;Assinado;Thânia;2025-06-25;BA;00 00392/2024;BR-030;Projetos;Contrato nº 00 00392/2024 - Encaminhamento de documentos - BR-030/BA.;conhecimento da Carta nº 011/2025 - Consórcio Rodovia BR-030 (SEI nº 21514396), em resposta ao oficio anteriormente encaminhado para o consórcio.;21489172;21765270;21765353;21765455;2025-07-17;" 1. A carta foi encaminhado pelo consórcio diretamente a esta coordenação, deste modo, foi gerado relato susinto a DIR para conhecimento.

2. SEI Gerados:
- 21554590: documento gerado em 27/06/25.
- 2685479 (09/07/25): solicitado revisão pela coordenadora, para insersão de novos documentos que foram adicionados. A atualização foi realizada no mesmo dia.
21514476
3. Nova elaboração de documentos em 17/07/25 - Por Gabrielle.";2025-07-17;Rebeca Braz Soares Fiameni;2025-11-07;Sim;Não;;
ASSESSORIA COAC;50600.029806/2024-74;2025-06-24;Assinado;Gabrielle;2025-07-01;BA;00 00379/2024;BR-116;Externo;Execução das obras nos lotes 4 e 5 na BR-116/BA - Estudo para concessão na BR-116/324/BA/PE (Rota dos Sertões).;"Remetente: SNTR
Solicita data de previsão das obras do Contorno Leste de Feira de Santana e pedido a SNTR se esses trechos serão concedidos.";21512416;21524926;;;2025-07-07;;2025-07-07;Gabrielle Afonso Pereira Nogueira;2025-08-07;Sim;Não;;
ASSESSORIA COAC;50600.016227/2025-42;2025-06-25;Assinado;Gabrielle;2025-07-02;-;-;-;Externo;Solicito, com base na Lei de Acesso à Informação, o envio da relação completa de obras públicas federais no setor de transportes (rodovias, ferrovias, hidrovias, portos e aeroportos) que foram canceladas, suspensas, paralisadas ou adiadas entre 2020 ;"FALA BR 
Solicitação de todas as obras paralisadas, motivo, tempo de execução.";21526314;21552250;;;2025-06-26;;2025-06-26;Gabrielle Afonso Pereira Nogueira;2025-07-09;Sim;Não;;
ASSESSORIA COAC;50001.065962/2025-39;2025-06-27;Assinado;Gabrielle;2025-07-04;-;-;-;FALA-BR;Solicitação de informações sobre a construção e asfaltamento do 11° trecho da Rodovia BR-116/BA.;Texto padrão sobre impossibilidade de atendimento da demanda ;21548686;21651668;;;2025-07-07;;2025-07-08;Gabrielle Afonso Pereira Nogueira;2025-09-07;Sim;Não;;
PROJETO;50603.002068/2024-98;2025-06-26;Assinado;Gabrielle;2025-07-03;CE;03 00077/2024;BR-116;Projetos;Entrega de projetos;Ciência de entrega de projeto, envio já tinha sido feito à SR;21547927;21808067;;;2025-07-23;;2025-07-31;Rebeca Braz Soares Fiameni;2025-02-07;Sim;Não;;
PROJETO;50609.004210/2023-09;2025-07-02;Assinado;Bruno;2025-07-09;PR;-;-;Projetos;Contrato 09 00397/2021 - Encaminhamento de documento - BR-487/PR.;Encaminhar documentos;21569789;21728234;;;2025-07-15;"21645043
1ª Versão - 21686634 - 10/07/2025";2025-07-17;Rebeca Braz Soares Fiameni;2025-10-07;Sim;Não;;
ASSESSORIA COAC;50001.065398/2025-54;2025-07-02;Assinado;Gabrielle;2025-07-09;-;-;-;FALA-BR;Solicitação de informações - Lei de Acesso à Informação.;"FALA BR
Pedido de acesso a processos administrativos contendo PAAR.";21587980;21602546;;;2025-07-04;;2025-07-07;Gabrielle Afonso Pereira Nogueira;2025-08-07;Sim;Não;;
PROJETO;50600.006897/2024-70;2025-07-02;Assinado;Gabrielle;2025-07-09;MG;00 00619/2024;BR-381;Projetos;Ciência de Cronograma não repactuado da Rodovia BR-381/MG - Lote 8A;Dar ciência ao cronograma e ressaltar o envio do cronograma após aprovação para a CGONT.;21585033;21808575;;;2020-01-01;;2025-07-31;Bruno Pimenta Resende;2025-02-07;Sim;Não;;
ASSESSORIA COAC;50600.016572/2025-86;2025-07-04;Assinado;Gabrielle;2025-07-11;MA;-;-;Externo;Solicitação de dados para estudo de Estruturação de Projetos de Concessões Rodoviárias - BR135/316/MA – entre os municípios de São Luís/MA e Timon/MA;"Remetente: Diretoria de Planejamento da INFRA S.A
Solicitação de dados sobre o status das obras nas rodovias 135 e 316.";21569938;21641997;;;2025-07-10;;2025-07-10;Gabrielle Afonso Pereira Nogueira;2025-10-07;Sim;Não;;
ASSESSORIA COAC;50600.003785/2025-48;2025-07-08;Assinado;Gabrielle;2025-07-15;RS;-;-;Externo;Proximidade de Encerramento do Contrato de Concessão da Ecosul - Rodovia BR-116/392/RS.;"Remetente: Secretaria Nacional de Transporte Rodoviário do Ministério dos Transportes
Sobre o encerramento da concessão da ecosul BR 116/392/RS informamos que não há nada que possamos fazer no momento.";21612808;21688171;;;2025-07-10;;2025-07-31;Gabrielle Afonso Pereira Nogueira;2025-10-07;Sim;Não;;
PROJETO;50600.015637/2025-76;2025-07-08;Assinado;Gabrielle;2025-07-15;RO;-;-;Projetos;Contrato nº 22.00902/2020 - notificação quanto ao cronograma - RO.;Usar padrão e informar quanto a necessidad de envio do cronograma novo, quando repactuado;21654400;21695075;;;2025-07-14;;2025-07-17;Rebeca Braz Soares Fiameni;2025-10-07;Sim;Não;;
PROJETO;50600.011807/2025-43;2025-07-08;Assinado;Gabrielle;2025-07-15;AL;00 00057/2024;BR-349;Projetos;Análise do Relatório da Metodologia Avaliatória – Contrato n.º 00057/2024.;Encaminhado ao consórcio com cópia para a SR, e ciência ao fim do documento.;21641244;21703264;;;2025-07-15;;2025-07-17;Rebeca Braz Soares Fiameni;2025-11-07;Sim;Não;;
PROJETO;50606.000238/2023-99;2025-07-09;Assinado;Bruno;2025-07-16;MG;00 00277/2022;BR-135;Projetos;Relatórios de Análise dos Projetos Básico/Executivo de Sinalização e Obras Complementares - Contrato TT-277/2022.;Verificar com a Marília quanto à necessidade de acompanhamento;21648596;21795134;;;2025-07-17;1ª versão - 21727687 - 10/07/2025;2025-07-17;Thania Regina Pantoja da Vera Cruz;2025-10-07;Sim;Não;;
PROJETO;50603.000829/2024-77;2025-07-09;Assinado;Gabrielle;2025-07-16;CE;-;-;Projetos;Encaminhamento de Carta BR-116/CE;Ciência ;21681458;21766668;;;2025-07-16;17/07 - Documentro refeito para atualização (21719692 antigo);2025-07-17;Rebeca Braz Soares Fiameni;2025-10-07;Sim;Não;;
PROJETO;50606.002628/2025-65;2025-07-09;Assinado;Gabrielle;2025-07-16;MG;00 00277/2022;BR-135;Projetos;Encaminhamento de Termo de Aceite – Relatório de Programação – BR-135/MG;Encaminhamento para empresa com ciência.;21649225;21711058;;;2025-07-24;;2025-07-31;Rebeca Braz Soares Fiameni;2025-11-07;Sim;Não;;
PROJETO;50610.005571/2020-82;2025-07-08;Assinado;Gabrielle;2025-07-15;RS;10 00821/2019;BR-116;Projetos;Análise do projeto básico/executivo de OAE - Contrato n.º 821/2019.;Envio de análise da DPP para empresa e ciência à DIR.;21649225;21946616;21946646;;2025-08-06;"17/07 - Atualizado versão antiga 21705133
22/07 - Atualização do ofício de ciência e inclusão de ofício de encaminhamento para a empresa.
24/07/2025 - Atualização dos 2 documentos (antigos: 21814594 e 21814607).
31/07/25   - Atualização dos 2 documentos (antigos: 21845151 e 21845159).
05/08/2025 - Atualização dos 2 documentos (antigos: 21905020 e 21905418);";2025-08-08;Rebeca Braz Soares Fiameni;2025-11-07;Sim;Não;;
PROJETO;50600.018427/2025-30;2025-07-11;Assinado;Gabrielle;2025-07-18;AM;-;-;Externo;Assunto: Solicitação de informações sobre ações na BR-319/AM.;Responder sobre o contrato 563/2024.;21707682;21718797;;;2025-07-14;;2025-07-16;Rebeca Braz Soares Fiameni;2025-11-07;Sim;Não;;
PROJETO;50613.001444/2025-99;2025-07-16;Assinado;Rebeca;2025-07-23;PB;13 00938/2017;BR-230;Projetos;Solicitação de apresentação do orçamento - Adequação de Capacidade da rodovia BR-230/PB (Campina Grande - Farinha).;Verificar;21732956;21788349;;;2025-07-18;;2025-07-18;Rebeca Braz Soares Fiameni;2025-07-16;Sim;Não;;
PROJETO;50600.015748/2024-00;2025-07-17;Assinado;Rebeca;2025-07-24;AL;00 00057/2024;BR-349;Projetos;Entrega de Projetos do Contrato n.º TT-057/2024.;Ciência;21703315;21765179;;;2025-07-17;;2025-07-17;Rebeca Braz Soares Fiameni;2025-07-17;Sim;Não;;
PROJETO;50600.002661/2025-45;2025-07-17;Assinado;Gabrielle;2025-07-24;TO;00 00958/2024;BR-226;Projetos;Análise de Projeto Executivo - BR-226/TO.;Ciência de termo de aceite. ;21749430;21793374;;;2025-07-24;;2025-07-31;Rebeca Braz Soares Fiameni;2025-07-17;Sim;Não;;
ASSESSORIA COAC;50600.019960/2025-19;2025-07-18;Assinado;Rebeca;2025-07-25;PA;00 00035/2013;BR-163;Externo;Solicitação de informações sobre o Contrato n.º 35/2013 – Rodovia BR-163/PA.;"Remetente: Agência de Desenvolvimento Sustentável das Hidrovias e dos Corredores de Exportacao - ADECON
Solicitação de informações sobre a obra 163/PA com saldo contratual .";21765352;21843395;;;2025-07-24;;2025-07-31;Gabrielle Afonso Pereira Nogueira;2025-07-18;Sim;Não;;
PROJETO;50609.004210/2023-09;2025-07-21;Assinado;Bruno;2025-07-28;PR;09 00397/2021;BR-487;Projetos;Contrato 09 00397/2021 - Encaminhamento de documentos - BR-487/PR.;Encaminhamento;21789915;21907721;;;2025-08-05;"1ª Versão - 21811905 - 22/07/2025
2ª Versão - 21844505 - 31/07/2025";2025-08-08;Rebeca Braz Soares Fiameni;2025-07-21;Sim;Não;;
PROJETO;50600.034231/2024-10;2025-07-21;Assinado;Bruno;2025-07-28;BA;00 00391/2024;BR-030;Projetos;Contrato 00 00391/2024 - Ciência de estudos - BR-030/BA.;Encaminhamento DPP e Ciência;21787481;21838808;21839070;;2025-08-05;;2025-08-08;Rebeca Braz Soares Fiameni;2025-07-21;Sim;Não;;
ASSESSORIA COAC;50600.020102/2025-17;2025-07-21;Assinado;Gabrielle;2025-07-28;-;-;-;Externo;Sistema Rodoviário BR-070/174/364/MT e BR-174/364/RO. E-mail TCU - 013.045/2025-3 (SEI n.º 21770637). ;"TCU - Informações de contratos para descentralização dos seguimentos
";21786491;21907361;;;2025-08-01;"Novo oficio criado para atualizar a pasta do documento.
Documento revisado dia 04/08, após solicitações Marília.";2025-08-04;Rebeca Braz Soares Fiameni;2025-07-21;Sim;Não;;
ASSESSORIA COAC;50600.020020/2025-72;2025-07-21;Assinado;Gabrielle;2025-07-28;AM;-;-;Externo;COM PRAZO - Requerimento de Informação nº 4283/2025, de autoria do Deputado Capitão Alberto Neto.;"Remetente: Deputado Capitão Alberto Neto (PL/AM)
Solicitações de dados sobre a BR 319/AM, informamos sobre os contratos ativos e enfatizamos que a SR poderia responder com mais detalhes.
Texto sobre ação orçamentária.";21790384;21796987;;;2025-07-28;;2025-07-30;Gabrielle Afonso Pereira Nogueira;2025-07-21;Sim;Não;;
ASSESSORIA COAC;50001.074268/2025-11;2025-07-21;Assinado;Gabrielle;2025-07-28;-;-;-;FALA-BR;COM PRAZO - Solicitação de informações - Lei de Acesso à Informação.;"FALA BR
Informações sobre a duplicação da ponte entre Itubiara e Araporã. Informamos sobre ainda estar em fase de conclusão de contrato para assinatura.";21788360;21801245;;;2025-07-24;;2025-07-30;Gabrielle Afonso Pereira Nogueira;2025-07-21;Sim;Não;;
ASSESSORIA COAC;50611.001258/2025-70;2025-07-21;Assinado;Rebeca;2025-07-28;MT;-;-;Externo;Solicitação de projetos referentes à sinalização horizontal do km 269 e km 270 - BR-174/MT.;Solicitação de projeto geométrico à CGCONT. Falamos sobre o regimento interno do dnit - DAF tem o poder de arquivo.;21789816;21800302;;;2025-07-22;;2025-07-31;Gabrielle Afonso Pereira Nogueira;2025-07-21;Sim;Não;;
ASSESSORIA COAC;50600.002599/2024-19;2025-07-22;Assinado;Rebeca;2025-07-29;-;-;-;Externo;Indicadores do Planejamento Estratégico Institucional (PEI-DNIT).;Solicitação as setoriais para preenchimentoo do PEI.;21759813;21830362;21831030;;2025-07-23;;2025-07-25;Gabrielle Afonso Pereira Nogueira;2025-07-22;Sim;Não;;
ASSESSORIA COAC;50600.042572/2024-51;2025-07-22;Assinado;Rebeca;2025-07-29;TO;00 00958/2024;BR-226;Projetos;Ofício nº 029/2025 - CE (SEI n.º 21665436) - Consórcio Ponte do Estreito. Contrato n.º 00958/2024. ;"1 - Encaminhamento à DPP para tratativas junto ao IBAMA, apresentando dificuldades e solicitando negociação, visto que o atendimento à notificação paralisa a obra. 
2 - Ofício para a SR notificar a empresa HWN (contrato 70/2025), solicitando novo cronograma para realização do atendimento após dezembro, visto que a ponte estará em operação e não terá mais balsa (usar justificativa de risco do Consórcio).";21756377;21941178;21943214;;2025-08-05;;2025-08-07;Rebeca Braz Soares Fiameni;2025-07-22;Sim;Não;;
ASSESSORIA COAC;50600.018194/2025-75;2025-07-22;Assinado;Gabrielle;2025-07-29;-;-;-;Externo;Prazos de Assunção de Novos Segmentos Rodoviários - Novas Concessões Rodoviárias Federais - Editais em Andamento.;"Remetente: Secretaria Nacional de Transporte Rodoviário do Ministério dos Transportes
Respondendo sobre a ciência das datas de novas concessões e do procedimentos que devem ser realizados junto a ANTT após conclusão.";21758545;22046493;;;2025-08-15;"28/07 - Documento refeito devido a inclusão de novos documentos no processo.
13/08 - Documento refeito de acordo com o novo padrão de resposta.";2025-09-16;Rebeca Braz Soares Fiameni;2025-07-22;Sim;Não;;
ASSESSORIA COAC;50001.072951/2025-13;2025-07-22;Assinado;Rebeca;2025-07-29;ES;-;-;FALA-BR;Solicitação de informações - Lei de Acesso à Informação - Obras pagas pelo acordo do Rio Doce.;"Informamos que não há na nossa gestão obras pagas pelo acordo do Rio Doce.
";21809129;21849484;;;2025-07-24;;2025-07-31;Gabrielle Afonso Pereira Nogueira;2025-07-22;Sim;Não;;
PROJETO;50603.000829/2024-77;2025-07-23;Assinado;Gabrielle;2025-07-30;CE;03 00077/2024;BR-116;Projetos;Inclusão de documentos BR-116/CE;Encaminhamento de projetos para a SR.;21817762;22000530;;;2025-08-08;"1ª versão - 21837604 em 24/07/2025
2ª versão - 21945654 em 05/08/2025.
3ª versão - 21964351 em 06/08/2025.
4ª versão - 21985975 em 07/08/2025.
5ª versão - 22000530 em 08/08/2025.";2025-08-08;Rebeca Braz Soares Fiameni;2025-07-23;Sim;Não;;
ASSESSORIA COAC;50600.020482/2025-90;2025-07-23;Assinado;Gabrielle;2025-07-30;-;-;-;Externo;Solicitação de duplicação ou, subsidiariamente, a construção de terceira faixa no trecho da Rodovia BR-153/SP.;"Remetente: Prefeita Municipal de Guaimbê/SP
Solicitação de duplicação ou terceira faixa na BR 153/SP, informamos que o trecho é concedido de acordo com o edital da concessão e consulta ao mapa das concessões ANTT.";21820044;21830403;;;2025-07-31;;2025-07-31;Gabrielle Afonso Pereira Nogueira;2025-07-23;Sim;Não;;
PROJETO;50600.014362/2025-53;2025-07-23;Assinado;Gabrielle;2025-07-30;AL;-;-;Projetos;Notificação - Não atendimento aos Cronogramas vigentes.;Verificar resposta da notificação;21819048;21832533;;;2025-08-06;;2025-08-08;Rebeca Braz Soares Fiameni;2025-07-23;Sim;Não;;
PROJETO;50619.000599/2022-13;2025-07-24;Assinado;Bruno;2025-07-31;MS;19 00194/2021;BR-419;Projetos;Encaminhamento de Análise - Projeto Básico/Executivo de OAEs - Etapa 02 - Viaduto Ferroviário sobre a Rodovia BR-419 - Versão 00 - Contrato n.º 19 00194/2021.;Ciência de análise;21837544;21851569;;;2025-08-07;;2025-08-08;Rebeca Braz Soares Fiameni;2025-07-24;Sim;Não;;
PROJETO;50611.003107/2022-11;2025-07-24;Assinado;Bruno;2025-07-31;MT;11 00159/2022;BR-158;Projetos;Inclusão de documentos referentes a análise dos projetos desenvolvidos no âmbito do Contrato n.º 159/2022.; Encaminhamento de análises - BR-158/MT;21840959;21851911;;;2025-08-07;;2025-08-08;Rebeca Braz Soares Fiameni;2025-07-24;Sim;Não;;
ASSESSORIA COAC;50001.065715/2025-32;2025-07-24;Assinado;Rebeca;2025-07-31;BA;-;-;FALA-BR;Solicitação de informações - Lei de Acesso à Informação - Plano de obra previsto para br 242.;Citamos a resposta da SR, complementamos dizendo que não há obras no trecho. Parágrafo sobre atribuições da ANTT e leilões.;21844854;21849453;;;2025-07-24;;2025-07-25;Gabrielle Afonso Pereira Nogueira;2025-07-24;Sim;Não;;
ASSESSORIA COAC;50600.029806/2024-74;2025-07-24;Assinado;Rebeca;2025-07-31;BA;-;-;Externo;Execução das obras nos lotes 4 e 5 na BR-116/BA - Estudo para concessão na BR-116/324/BA/PE (Rota dos Sertões).;"Marília vai verificar com Fábio. Aguardando. 
13/08 - Responder que temos o crontrato do lote 05, mas precisa de orinetação quanto à paralisação ou não do contrato.";21822913;22050462;;;2025-08-14;;2025-08-14;Rebeca Braz Soares Fiameni;2025-07-24;Sim;Não;;
PROJETO;50611.003640/2024-37;2025-07-25;Assinado;Bruno;2025-08-01;MT;11 00159/2022;BR-158;Projetos;Inclusão de documentos - Relatório de Metodologia Avaliatória do Projeto de Desapropriação - Contrato n.º 159/2022.;verificar;21847566;21856872;;;2025-08-07;;2025-08-08;Rebeca Braz Soares Fiameni;2025-07-25;Sim;Não;;
PROJETO;50611.003641/2024-81;2025-07-25;Assinado;Bruno;2025-08-01;MT;11 00159/2022;BR-158;Projetos;Análise dos Projetos Referentes ao Contrato n.º 159/2022.;Verificar;21848104;21857061;;;2025-08-07;;2025-08-08;Rebeca Braz Soares Fiameni;2025-07-25;Sim;Não;;
PROJETO;50606.000347/2025-78;2025-07-29;Assinado;Gabrielle;2025-08-05;MG;00 00619/2024;BR-381;Projetos;Encaminhamento dos Relatórios de Análise dos Estudos Topográficos e Geológicos - Rodovia BR-381/MG (Lote 8A).;Ciência à DIR.;21847264;22240866;;;2025-09-02;"1ª versão: 21916885 - criados em 01/08/2025
2ª versão: 21950598  - criados em 05/08/2025
3ª Versão:  22032600 - criado em 13/08/2025
4ª Versão: 22120122 - criado em 20/08/2025

5ª versão - Gabi - Atualização em 25/08.
6ª versão - Gabi - Atualização em 02/09.

Revisões necessárias devido a juntada de outros documentos.";2025-09-03;Bruno Pimenta Resende;2025-07-29;Sim;Não;;
ASSESSORIA COAC;50610.007132/2023-57;2025-07-29;Assinado;Rebeca;2025-08-05;RS;00 00375/2024;BR-116;Projetos;Informações sobre as responsabilidades da Ponte Internacional Barão de Mauá.;Sobre a Ponte Barão de Mauá, informamos o que a SR relatou e que o objeto do contrato ativo na CGCONT não contempla o pleito solicitado.;21880531;21897961;;;2025-07-30;;2025-07-31;Gabrielle Afonso Pereira Nogueira;2025-07-30;Sim;Não;;
ASSESSORIA COAC;50613.001444/2025-99;2025-07-30;Assinado;Rebeca;2025-08-06;PB;13 00938/2017;BR-230;Projetos;Solicitação de apresentação do orçamento - Adequação de Capacidade da rodovia BR-230/PB (Campina Grande - Farinha).;Informar que a fiscalização é que tem q se manifestar, visto a delagação e unidade fiscalizadora. Decisão da fiscalização.;21887782;21951005;;;2025-08-05;;2025-08-08;Rebeca Braz Soares Fiameni;2025-07-30;Sim;Não;;
ASSESSORIA COAC;50600.020525/2025-37;2025-07-30;Assinado;Gabrielle;2025-08-06;-;-;-;Externo; Termo de Arrolamento e Transferência de Bens - Concessionárias de Rodovias Federais.;"Remetente: Secretaria Nacional de Transporte Rodoviário do Ministério dos Transportes - SNTR/MT
Levantamento com a planilha da Roze+Processos relacionados da antt para criar histórico sobre termos de arrolamento que já passaram pela coordenação.";21869186;22038274;;;2025-08-15;13/08 - Atualização do ofício conforme solicitado.;2025-08-22;Rebeca Braz Soares Fiameni;2025-07-30;Sim;Não;;
ASSESSORIA COAC;50001.078939/2025-12;2025-08-01;Assinado;Rebeca;2025-08-08;-;-;-;FALA-BR;Solicitação de informações sobre documentos históricos referente à abertura, construção e pavimentação da BR-060/DF, que se encontra com a BR-153/GO no trecho Anápolis/Goiânia.;Informar quanto a falta de guarda de informações históricas, indicando a LAI quanto à pedido desproporcionais ou desarrazoados;21915326;21932269;;;2025-08-04;;2025-08-04;Rebeca Braz Soares Fiameni;2025-08-04;Sim;Não;;
PROJETO;50600.034231/2024-10;2025-08-11;Assinado;Bruno;2025-08-18;BA;00 00391/2024;BR-030;Projetos;Atraso nas entregas dos Estudos Preliminares e Projetos - Contrato n.º 391/2024;Responder assim como no contrato 392.;21923387;22379505;22379492;;2025-09-16;Documentos foram atualizadados e movidos de pasta.;2025-09-16;Rebeca Braz Soares Fiameni;2025-08-05;Sim;Não;;
PROJETO;50600.006897/2024-70;2025-08-05;Assinado;Thânia;2025-08-12;MG;00 00619/2024;BR-381;Projetos;Encaminhamento do Projeto Geométrico da Rodovias BR-381/MG – Lote 8A ;Verificar envio à DPP;21925044;22017433;;;2025-08-18;"o documento encaminhado pelo consorcio não foi anexado no processo de projeto (50606.000347/2025-78), mas sim no processo 50600.006897/2024-70, deste modo, a tramitação ocorreu neste ultimo.
Considerando a informação apresentada acima, a UL- Contagem/MG, elaborou o Despacho (DNIT) (SEI nº 22004778) esclarecendo que o documento foi reapresentada no processo de análise dos projetos (50606.000347/2025-78), por meio do Ofício nº 0043/2025/CLC (SEI nº 21999709). Deste modo o dcumento foi refeito e concluído.
1ª versão - SEI 21948388.
2ª versão - SEI 22017433 (refeita e concluída).";2025-08-22;Rebeca Braz Soares Fiameni;2025-08-05;Sim;Não;;
PROJETO;50604.001490/2023-35;2025-08-05;Assinado;Thânia;2025-08-12;PE;04 00260/2021;BR-423;Projetos;Análise de Projeto - Rodovia BR-423/PE lote 01.;Verificar;21904219;21991074;;;2025-08-18;1º versão : SEI 21991074 (08/08/2025);2025-08-22;Rebeca Braz Soares Fiameni;2025-08-05;Sim;Não;;
ASSESSORIA COAC;50600.020900/2025-49;2025-08-04;Assinado;Gabrielle;2025-08-11;SC;16 00840/2013;BR-285;Externo;Situação das Obras da BR-285/SC nos trechos gaúcho e catarinense - Solicitação de Informações.;"Remetente: Conselho de Autoridade Portuária do Porto de Imbituba - SC. Encaminhamento para a SR/SC e SR/RS a fim de subsidiar a resposta à DIR.
Citar nosso contrato, perguntar se tem mais algo a ser finalizado. E sugerir à CGMRR sobre o contrato d contensão.";21890975;21963325;;;2025-08-18;;2025-08-22;Rebeca Braz Soares Fiameni;2025-08-05;Sim;Não;;
ASSESSORIA COAC;50600.006415/2025-62;2025-08-05;Assinado;Rebeca;2025-08-12;RS;-;-;Projetos;Ponte Internacional de Porto Xavier/San Javier - Comunicação Receita Federal do Brasil - Lapso temporal entre a conclusão das obras da Ponte Internacional e das edificações do Complexo Integrado de Fronteira.;Orientação quanto a retomada da demanda após assinatura do contrato. Após isso, SR intermediar tratativas entre RFB e projetista para analisar a viabilidade. Inserir o documento do MT;21849048;22328228;;;2025-09-09;;2025-09-16;Rebeca Braz Soares Fiameni;2025-08-05;Sim;Não;;
ASSESSORIA COAC;50600.038228/2024-67;2025-08-05;Assinado;Rebeca;2025-08-12;RO;-;-;Externo;Contrato do Edital de Concessão nº 006/2024 – Rota Agro Norte – Concessionária de Rodovia Nova 364.;Informar que a manutenção do SNV não é regimental nossa;21910231;21973260;;;2025-08-14;;2025-08-14;Rebeca Braz Soares Fiameni;2025-08-05;Sim;Não;;
ASSESSORIA COAC;50600.025905/2024-87;2025-08-05;Assinado;Gabrielle;2025-08-12;-;-;-;Externo;"Estruturação de Estudos Técnicos para Concessões Rodoviárias
I- Rota 2 de Julho: BR-116/324/BA;
II- Rota Gerais: BR-116/251/MG;
III- Rota dos Sertões: BR-116/324/BA e BR-116/PE; e
IV- Rota Agro Central (CN3): BR-070/174/364/MT e BR-364/RO.

";"Remetente: SNTR 
Informar sobre os contratos ativos nos rechos indicados.";21925075;21980095;;;2025-09-02;;2025-09-02;Bruno Pimenta Resende;2025-08-05;Sim;Não;;
ASSESSORIA COAC;50600.006114/2023-77;2025-08-05;Assinado;Rebeca;2025-08-12;-;-;-;Externo;Alteração do SNV - Alienação de trecho da malha rodoviária federal das rodovias BR-381/MG e BR-040/MG do antigo anel viário de Belo Horizonte.;"Trecho da BR-381/MG contemplava parte do Lote 8B. Porém o km da federalização foi ajustada no termo aditivo.  
13/08 - Complementar as infomações quanto ao PAC, que o trecho está fora do km alienado.";21943867;21977925;;;2025-08-14;;2025-08-22;Rebeca Braz Soares Fiameni;2025-08-05;Sim;Não;;
PROJETO;50600.003198/2025-59;2025-08-05;Assinado;Thânia;2025-08-12;PA;02 00261/2024;BR-230;Projetos;Projeto Básico/Executivo de OAE da Ponte sobre o Rio Arrependido - Contrato n.º 261/2024 - Rodovia BR-230/PA.;Ciência dos relatórios de análise;21907613;21995904;;;2025-08-18;1º versão: Ofício 202228 (SEI nº 21995904)      08/08/2025;2025-08-22;Rebeca Braz Soares Fiameni;2025-08-05;Sim;Não;;
ASSESSORIA COAC;00137.005113/2025-12;2025-08-05;Assinado;Rebeca;2025-08-12;BA;-;-;FALA-BR;URGENTE - Prioridade na duplicação da BR-242/020/BA.;Informar que não existe contrato no trecho;21943058;21972618;;;2025-08-06;;2025-08-08;Rebeca Braz Soares Fiameni;2025-08-05;Sim;Não;;
ASSESSORIA COAC;50600.022303/2025-59;2025-08-07;Assinado;Rebeca;2025-08-14;RS;-;-;Externo;Solicitação de orientação quanto ao andamento da contratação referente à Ponte Porto Xavier - Edital nº 470/2024;Porcesso novo para solicitar ao MT orientações quanto às ações necessárias para o edital de Porto Xavier;00000000;21980995;;;2025-08-07;;2025-08-07;Rebeca Braz Soares Fiameni;2025-08-07;Sim;Não;;
ASSESSORIA COAC;50001.082114/2025-94;2025-08-11;Assinado;Gabrielle;2025-08-18;-;-;-;FALA-BR;COM PRAZO - Solicitação de informações sobre a história  da Ponte Paulino Padilha, localizada em Santo Antônio de Pádua/RJ, que integra a Rodovia Federal BR-393/RJ.;"Remetente FALA BR
Resposta com modelo de que não é possível atender o pedido. 
art. 13, I, da Lei nº 12.527/2011 - Lei de Acesso à Informação";22002841;22014370;;;2025-08-13;;2025-08-14;Rebeca Braz Soares Fiameni;2025-08-11;Sim;Não;;
ASSESSORIA COAC;50001.082923/2025-04;2025-08-14;Assinado;Gabrielle;2025-08-21;TO;-;-;FALA-BR;COM PRAZO - Solicitação de informações sobre a ponte que interliga o estado do Tocantins ao estado do Pará sobre o rio Araguaia Rodovia BR-153/TO/PA.;Apresentar situação dos dois contratos. Um referente à ponte outro aos acessos;22033803;22056650;;;2025-08-21;;2025-08-22;Rebeca Braz Soares Fiameni;2025-08-14;Sim;Não;;
PROJETO;50603.002068/2024-98;2025-08-14;Assinado;Gabrielle;2025-08-21;CE;03 00077/2024;BR-116;Projetos;Solicitação de projetos - BR-116/CE.;Restituiu a DIR, comunicando que a coordenação não tem guarda desses documentos, e foi sugerido o retorno a SR/CE.;22036687;22090791;;;2025-09-02;1ª versão: 22090791   (1808/2025)    ;2025-09-16;Bruno Pimenta Resende;2025-08-14;Sim;Não;;
PROJETO;50600.042572/2024-51;2025-08-14;Assinado;Gabrielle;2025-08-21;TO;00 00958/2024;BR-226;Projetos;Ofício nº 029/2025 - CE (SEI n.º 21665436) - Consórcio Ponte do Estreito. Contrato n.º 00958/2024.;Ciência de documentos e encaminhamento para a DPP.;22044641;22950276;;;2025-11-10;1ª versão - 22089453;2025-11-13;Bruno Pimenta Resende;2025-08-14;Sim;Não;;
ASSESSORIA COAC;50600.022303/2025-59;2025-08-14;Assinado;Rebeca;2025-08-21;RS;-;-;Ministério;Solicitação de orientações - Contratação referente à Ponte Porto Xavier - Edital n.º 470/2024;Processo concluído nesta setorial, sem documento gerado,  visto que, após chegada do documento elaborado pelo Ministério, será repassado para acompanhamento pela CGCONT/COCCONV.;22023067;;;;2025-08-15;;2025-08-17;Bruno Pimenta Resende;2025-08-14;Sim;Não;;
PROJETO;50612.002355/2024-99;2025-08-14;Assinado;Gabrielle;2025-08-21;GO;12 00350/2024;BR-070;Projetos;Análise e aceitação dos projetos relativos ao Contrato nº UT-12 0350/2024;Ofício de ciência para termo de aceite e análise.;22054520;22138274;;;2025-08-15;;2025-08-27;Bruno Pimenta Resende;2025-08-14;Sim;Não;;
PROJETO;50600.023451/2025-91;2025-08-18;Assinado;Gabrielle;2025-08-25;RS;00 00375/2024;BR-116;Projetos;Abertura do processo de análise.;Ofício dando ciência sobre abertura de processo e citação sobre Oficio Circular padrão para envio de projetos RDCI.;22072681;22169735;;;2025-09-02;2ª versão em 26/08/25.;2025-09-16;Bruno Pimenta Resende;2025-08-18;Sim;Não;;
PROJETO;50609.004210/2023-09;2025-08-18;Assinado;Gabrielle;2025-08-25;PR;09 00397/2021;BR-487;Projetos;Resposta ao Ofício n.º 203896/2025/ASSESSORIA/DPP/DNIT SEDE (22012384) – Encaminhamento de Documentos – Contrato n.º 397/2021 – Rodovia BR-487/PR. ;DIR encaminha resposta da DPP dizendo que não é responsável pela analise daqueles projetos. Fizemos ofício de ciência dos documentos.;22082805;22500498;22500512;;2025-09-26;"Atualização em 15/09.
SEI CRIADO 4 - 22403091
Revisado em 17/09
Revisado em 22/09
Revisado em 24/09 ";2025-10-14;Bruno Pimenta Resende;2025-08-19;Sim;Não;;
PROJETO;50600.023653/2025-32;2025-08-20;Assinado;Gabrielle;2025-08-27;-;-;-;Projetos;Análise e aprovação de projetos oriundos de contratações integradas.;Dar ciência quanto as orientações, visto que já foi enviado às SR;22094960;22166038;;;2025-09-02;;2025-09-03;Bruno Pimenta Resende;2025-08-20;Sim;Não;;
ASSESSORIA COAC;50600.023706/2025-15;2025-08-21;Assinado;Gabrielle;2025-08-28;-;-;-;FALA-BR;COM PRAZO - Solicitação de construção de uma ponte para ligação dos estados do Amapá e Pará.;Informar que não é nossa competência a área de planejamento de futuras obra, e sugerir encaminhamento à DPP para complementação da resposta;22133711;22137951;;;2025-08-22;;2025-08-22;Rebeca Braz Soares Fiameni;2025-08-21;Sim;Não;;
PROJETO;50619.000790/2024-19;2025-08-22;Assinado;Gabrielle;2025-08-29;MS;19 00758/2023;BR-060;Projetos;"Atendimento às exigências do Ofício-Circular n.º 4149/2024/DIR/DNIT SEDE - Protocolo de PB/PE de Componente Ambiental - Versão Revisada 01.
";Ciência ao ofício da SRE/MS.;22109945;22171068;;;2025-08-25;;2025-08-27;Bruno Pimenta Resende;2025-08-22;Sim;Não;;
PROJETO;50619.000599/2022-13;2025-08-25;Assinado;Gabrielle;2025-09-01;MS;19 00194/2021;BR-419;Projetos;Atendimento às exigências do Ofício-Circular n.º 4149/2024/DIR/DNIT SEDE - Protocolo Projeto Básico/Executivo - OAE Viaduto Ferroviário sobre a Rodovia BR-419 - Etapa 02 - Versão Revisada 01 - Contrato n.º 19 00194/2021.;DOcumento de ciência à DIR.;22151013;22247618;22247621;;2025-08-25;29/08 - Atualização dos documentos.;2025-09-03;Bruno Pimenta Resende;2025-08-25;Sim;Não;;
PROJETO;50600.015748/2024-00;2025-08-14;Assinado;Gabrielle;2025-08-21;AL;00 00057/2024;BR-349;Projetos;Emissão de Termo de Aceite Contrato n.º 57/2024​​ - Rodovia BR 349/AL/SE.;Envio do termo de aceite para a empresa Líder do consórcio.;22055706;22161149;;;2025-08-25;;2025-08-27;Bruno Pimenta Resende;2025-08-25;Sim;Não;;
PROJETO;50600.015618/2025-40;2025-08-25;Assinado;Gabrielle;2025-09-01;PA;02 00398/2024;BR-230;Notificação;Descumprimento dos prazos fixados no Cronograma Físico-Financeiro para entrega de Projeto Básico/Executivo.;Criar documento para a SR cobrando o cronograma novo, repactuado com a empresa, visto que houve aditivo de contrato.;21459076;22216720;;;2025-09-02;;2025-09-03;Bruno Pimenta Resende;2025-08-25;Sim;Não;;
PROJETO;50603.000483/2023-26;2025-08-26;Assinado;Gabrielle;2025-09-02;CE;03 00077/2024;BR-116;Projetos;Inclusão de documentos no processo.;Ciência das cartas de cronograma explicando que ações já estão sendo tomadas.;22166384;22565609;;;2025-10-07;"22210760
Documento atualizado em 16/09. 
22478046
22500019";2025-10-07;Rebeca Braz Soares Fiameni;2025-08-29;Sim;Não;;
PROJETO;50611.003107/2022-11;2025-08-28;Assinado;Gabrielle;2025-09-04;MT;11 00159/2022;BR-158;Projetos; Inclusão de documentos referentes a análise dos estudos e projetos desenvolvidos no âmbito do Contrato n.º 159/2022.;Ciência do encaminhamento dos projetos.;22190670;22211659;;;2025-09-02;;2025-09-16;Bruno Pimenta Resende;2025-08-29;Sim;Não;;
PROJETO;50600.037160/2024-07;2025-08-28;Assinado;Gabrielle;2025-09-04;BA;00 00392/2024;BR-030;Projetos;Contrato nº 00 00392/2024 - Ciência de Documentação encaminhada para Análise – BR-030/BA – Lote 2.;Responder sobre ciência e envio para a SR;21934187;22292696;;;2025-09-16;;2025-09-16;Rebeca Braz Soares Fiameni;2025-08-29;Sim;Não;;
PROJETO;50610.005571/2020-82;2025-08-28;Assinado;Gabrielle;2025-09-04;RS;10 00821/2019;BR-116;Projetos; Análise de Projeto Básico e Executivo - BR-116/RS.;Ciência à DIR sobre encaminhamento de projetos e encaminhamento para empresa dos termos de aceite.;22191195;22500306;22500359;;2025-09-26;"22212437
22212446
Atualização em 16/09
22396295 e 22396434 - Atualização de logo";2025-10-03;Bruno Pimenta Resende;2025-08-29;Sim;Não;;
PROJETO;50603.002217/2021-76;2025-08-28;Assinado;Gabrielle;2025-09-04;CE;-;-;Projetos;Encaminhamento do Relatório de Análise do Projeto Executivo da ponte sobre o rio Pinheiros - BR-226/CE e BR-404/CE - ACT n.º 266/2023.;Ofício à DIR sugerindo o encaminhamento para o DNOCS.;22198962;22217737;;;2025-09-02;;2025-09-04;Bruno Pimenta Resende;2025-08-29;Sim;Não;;
ASSESSORIA COAC;50600.023778/2025-62;2025-08-27;Assinado;Rebeca;2025-09-03;AM;-;-;Externo;Solicitação de informações sobre ações na BR-319/AM.;Informações quanto aos contratos da 319/AM, além de informações orçamentárias de LOA e PLOA;22149171;22225741;;;2025-09-01;;2025-09-01;Rebeca Braz Soares Fiameni;2025-09-02;Sim;Não;;
PROJETO;50606.003862/2025-18;2025-09-01;Assinado;Bruno;2025-09-08;MG;00 00041/2025;BR-381;Projetos;Encaminhamento dos Estudos Topográficos da Rodovias BR-381/MG – Lote 8B;Dar ciência;22227370;22380120;;;2025-09-16;;2025-09-16;Bruno Pimenta Resende;2025-09-03;Sim;Não;;
PROJETO;50606.000238/2023-99;2025-09-01;Assinado;Bruno;2025-09-08;MG;00 00277/2022;BR-135;Projetos;"Encaminhamento da Revisão do Projeto de Eliminação de Interferências em
Atendimento ao Relatório de Análise 81-H.2 ";Dar ciência;22233722;22481418;22481424;22481702;2025-09-30;"22422710 - 1ª Versão
22422715 - 1ª Versão
22481418 - 2ª Versão
22481424 - 2ª Versão
22481702 - 2ª Versão";2025-10-03;Bruno Pimenta Resende;2025-09-03;Sim;Não;;
ASSESSORIA COAC;50600.025084/2025-60;2025-08-29;Assinado;Rebeca;2025-09-04;GO;-;-;DNIT/SRE;Solicitação de Informações - Contrato n.º 212-2013.;Encaminhar à SR, informando sobre a IN de acervo técnico, nº 26/DNIT;22210234;22329077;;;2025-09-09;;2025-09-16;Rebeca Braz Soares Fiameni;2025-09-03;Sim;Não;;
ASSESSORIA COAC;50600.024172/2025-44;2025-08-22;Assinado;Gabrielle;2025-08-29;PA;-;-;FALA-BR;Solicitação de pavimentação de trecho da Rodovia BR-163/PA.;O km informado pela cidadã não apresenta obras contudo, usamos a referência da DPP - por recomendação da marília citamos um contrato antigo que apresentará remanescente.;22139539;22926473;;;2025-08-30;"Documento excluído por atualização de informação 22657294
Primeira revisão 15/10";2025-08-30;Gabrielle Afonso Pereira Nogueira;2025-09-03;Sim;Não;;
ASSESSORIA COAC;50603.001889/2022-45;2025-08-25;Assinado;Gabrielle;2025-09-01;CE;-;-;ANTT;Termo de Transferência n.º 34 de trechos de Rodovias Federais BR-116/CE e BR-222/CE.;Documento não necessita de respostas. Assessoria enviou e-mail para amplo conhecimento.;22154439;22287612;;;2025-09-04;;2025-09-05;Rebeca Braz Soares Fiameni;2025-09-03;Sim;Não;;
ASSESSORIA COAC;50600.006606/2023-62;2025-08-29;Assinado;Rebeca;2025-09-05;AL;-;-;DNIT/SRE;Federalização de trechos das Rodovias Estaduais AL-101, AL-455 e AL-105, coincidentes com a Rodovia Federal planejada BR-349/AL - Alteração do SNV.;E-mail enviado para ampla divulgação;22186558;22278365;;;2025-09-04;;2025-09-04;Rebeca Braz Soares Fiameni;2025-09-03;Sim;Não;;
ASSESSORIA COAC;50600.015908/2025-93;2025-09-03;Assinado;Rebeca;2025-09-10;GO;-;-;ANTT;Solicitação de Levantamento de Informações para Elaboração do Termo de Arrolamento das Rodovias BR-060/GO e BR-364/GO/MT.;Informar que não há contratos no trecho;22247549;22479829;;;2025-09-23;;2025-09-23;Rebeca Braz Soares Fiameni;2025-09-04;Sim;Não;;
PROJETO;50602.002118/2025-28;2025-09-04;Assinado;Bruno;2025-09-11;PA;02 00398/2024;BR-230;Projetos;Ata da Reunião (22165749) - contratos de construção e supervisão afetos à Unidade Local de Altamira.;"Dar ciência citando o documento de notificação
";22251126;22566845;;;2025-10-01;;2025-10-07;Bruno Pimenta Resende;2025-09-04;Sim;Não;;
PROJETO;50600.037160/2024-07;2025-09-04;Assinado;Gabrielle;2025-09-11;BA;00 00392/2024;BR-030;Projetos;Contrato nº 00 00392/2024 - Análise de possível atraso nas entregas dos Estudos Preliminares e dos Projetos  – BR-030/BA – Lote 2.;Responder dizendo que o PAAR deve ser aberto pela SR.;21943318;22292702;;;2025-09-16;;2025-09-16;Rebeca Braz Soares Fiameni;2025-09-04;Sim;Não;;
PROJETO;50600.037160/2024-07;2025-09-04;Assinado;Gabrielle;2025-09-11;BA;00 00392/2024;BR-030;Projetos;Contrato nº 00 00392/2024 - Encaminhamento de análise de projetos - BR-030/BA.;Encaminhar as análises para a empresa.;22248449;22292712;22292723;;2025-09-16;;2025-09-16;Rebeca Braz Soares Fiameni;2025-09-04;Sim;Não;;
PROJETO;50603.000829/2024-77;2025-09-09;Assinado;Bruno;2025-09-16;CE;03 00077/2024;BR-116;Projetos;Projetos e Análises;Acredito q os 3 ofícios podem ser classificados como ciência. Primeiros os projetos listados, e criar um parágrafo abaixo explicando o teor dos documentos que pedem aditivo. Informar que foi direcionados diretamente à SR, para trataivas, visto que tem delegação de competência.;22120382;22623510;22672272;;2025-10-07;"22316011
22360928
22412887 - documento apagado
22413477 - 1ª versão
22413506 - 1ª versão
22525176 - 2ª versão
22525269 - 2ª versão
22572483 - 3ª Versão
22572485 - 3ª Versão
22623964 - 4ª Versão
22672139 - 5ª Versão";2025-10-14;Bruno Pimenta Resende;2025-09-09;Sim;Não;;
PROJETO;50600.007228/2025-04;2025-09-09;Assinado;Bruno;2025-09-16;BA;00 00379/2024;BR-116;Projetos;Ofício Nº 207311/2025/COAC/CGCONT/DIR/DNIT Sede ;Enviar análise para o consórcio.;22320624;22553348;;;2025-09-30;"22381302
22546754 - 1ª Versão";2025-10-03;Bruno Pimenta Resende;2025-09-09;Sim;Não;;
ASSESSORIA COAC;50600.029806/2024-74;2025-09-05;Assinado;Rebeca;2025-09-12;BA;-;-;Ministério; Execução das obras nos lotes 4 e 5 na Rodovia BR-116/BA - Estudo para concessão nas Rodovias BR-116/324/BA/PE (Rota dos Sertões).;Ciência da execução;22256843;22703561;;;2025-10-14;;2025-11-05;Rebeca Braz Soares Fiameni;2025-09-09;Sim;Não;;
ASSESSORIA COAC;50600.025537/2025-58;2025-09-05;Assinado;Gabrielle;2025-09-12;MG;-;-;Parlamentares;Assunto: Solicitação de pavimentação da BR-367/MG.;Informar quanto à obras sendo executadas nos trechos indicados no ofício;22272111;22549895;;;2025-10-07;;2025-10-09;Rebeca Braz Soares Fiameni;2025-09-09;Sim;Não;;
ASSESSORIA COAC;00137.007747/2025-18;2025-09-08;Assinado;Rebeca;2025-09-15;MG;-;-;FALA-BR;COM PRAZO - Complementação de Resposta - Duplicação dos lotes 08A e 08B da Rodovia BR-381/MG.;Informações quanto ao Lote 08A e 08B da BR-381/MG, complementando o documento da DPP;22268809;22392177;;;2025-09-17;;2025-09-18;Bruno Pimenta Resende;2025-09-09;Sim;Não;;
ASSESSORIA COAC;50600.513380/2017-11;2025-09-08;Assinado;Rebeca;2025-09-15;PA;00 00035/2013;BR-163;Outros;Inclusão do Ofício n.º 112/2025 - Solicitação de acesso aos processos n.º 50600.055665/2017-10 e n.º 50600.513380/2017-11;Conceder acesso aos processos;22249515;22337887;;;2025-09-10;;2025-09-16;Bruno Pimenta Resende;2025-09-09;Sim;Não;;
ASSESSORIA COAC;50600.023509/2025-04;2025-09-09;Assinado;Gabrielle;2025-09-16;-;-;-;ANTT;Aditamento ao Termo de Arrolamento e Transferência de Bens – BR-163/MT – Contrato do Edital de Concessão nº 003/2013. ;Acredito q não cabe a gente fazer nada. Procurar um documento modelo q já respondemos sobre cópia de contrato;22155744;22500549;;;2025-09-26;22412014;2025-10-09;Rebeca Braz Soares Fiameni;2025-09-09;Sim;Não;;
PROJETO;50600.026926/2025-09;2025-09-10;Assinado;Bruno;2025-09-17;AM;00 00389/2024;BR-319;Projetos;Solicitação de encaminhamento do Cronograma Físico-Financeiro - Contrato nº 00 00389/2024 - BR-319/AM;Criar processo e ofício de notificação para cronograma referencial.;;22331298;;;2025-09-23;Revisado 12/09/2025 - necessidade de modificação de cláusula;2025-09-23;Bruno Pimenta Resende;2025-09-10;Sim;Não;;
ASSESSORIA COAC;50600.055665/2012-10;2025-09-08;Assinado;Rebeca;2025-09-15;PA;00 00035/2013;BR-163;Outros;Inclusão do Ofício n.º 112/2025 - Solicitação de acesso aos processos n.º 50600.055665/2017-10 e n.º 50600.513380/2017-11.;Conceder acesso aos processos;22248551;22339562;;;2025-09-10;;2025-09-16;Bruno Pimenta Resende;2025-09-10;Sim;Não;;
PROJETO;50600.027157/2025-58;2025-09-11;Assinado;Bruno;2025-09-18;MG;00 00277/2022;BR-135;Notificação;Descumprimento dos prazos fixados no Cronograma Físico-Financeiro para entrega de Projeto Básico/Executivo.;Notificação ;;22346355;;;2025-09-12;;2025-09-16;Rebeca Braz Soares Fiameni;2025-09-11;Sim;Não;;
PROJETO;50600.015453/2025-14;2025-09-11;Assinado;Bruno;2025-09-18;BA;00 00379/2024;BR-116;Notificação;Descumprimento dos prazos fixados no Cronograma Físico-Financeiro para entrega de Projeto Básico/Executivo.;Notificar;;22334995;;;2025-09-24;;2025-10-01;Bruno Pimenta Resende;2025-09-11;Sim;Não;;
PROJETO;50619.000790/2024-19;2025-09-10;Assinado;Bruno;2025-09-17;MS;19 00758/2023;BR-060;Projetos;Contrato nº 19 00758/2023 - Ciência dos projetos e análises - BR-267/MS.;Ciência e Encaminhamento de análise para a empresa;22328310;22530387;22530496;;2025-09-30;"22382515
22402204 - 1ª versão - 15/09/2025
22430519 - 2ª versão - 18/09/2025
22430645 - 1ª versão - 18/09/2025
22489156 - 3ª versão
22489157 - 3ª versão
";2025-10-03;Bruno Pimenta Resende;2025-09-11;Sim;Não;;
PROJETO;50600.027198/2025-44;2025-09-11;Assinado;Bruno;2025-09-18;CE;03 00077/2024;BR-116;Notificação;Descumprimento dos prazos fixados no Cronograma Físico-Financeiro para entrega de Projeto Básico/Executivo.;Notificação com data vencida e cronograma a ser aprovado pela SR;;22347810;;;2025-09-12;;2025-09-16;Rebeca Braz Soares Fiameni;2025-09-11;Sim;Não;;
PROJETO;50600.015618/2025-40;2025-09-11;Assinado;Bruno;2025-09-18;PA;02 00398/2024;BR-230;Notificação;Descumprimento dos prazos fixados no Cronograma Físico-Financeiro para entrega de Projeto Básico/Executivo.;Notificar;;22393784;;;2025-09-23;;2025-10-01;Bruno Pimenta Resende;2025-09-11;Sim;Não;;
PROJETO;50606.000347/2025-78;2025-09-11;Assinado;Bruno;2025-09-18;MG;00 00619/2024;BR-381;Projetos;Assunto: Estudos Geológicos - BR-381/MG - Lote 8A.;Ciência de análises - BR-381/MG.;22335717;22545649;22545726;;2025-09-30;"22429004 - 1ª Versão
22517110 - 2ª Versão
22518885 - 1ª Versão";2025-10-02;Bruno Pimenta Resende;2025-09-11;Sim;Não;;
PROJETO;50600.027265/2025-21;2025-09-11;Assinado;Bruno;2025-09-18;MT;11 00159/2022;BR-158;Notificação;Descumprimento dos prazos fixados no Cronograma Físico-Financeiro para entrega de Projeto Básico/Executivo.;Notificar;;22349471;;;2025-09-12;;2025-09-16;Rebeca Braz Soares Fiameni;2025-09-11;Sim;Não;;
ASSESSORIA COAC;50600.026646/2025-92;2025-09-11;Assinado;Gabrielle;2025-09-18;-;-;-;Ministério; Realização de estudos de campo em rodovias federais do Nordeste.;Ciência sobre os estudos.;22333032;22499944;;;2025-09-13;"22386241
22478103  ";2025-09-13;Rebeca Braz Soares Fiameni;2025-09-11;Sim;Não;;
PROJETO;50600.015633/2025-98;2025-09-11;Assinado;Bruno;2025-09-18;PE;04 00520/2022;BR-407;Notificação;Descumprimento dos prazos fixados no Cronograma Físico-Financeiro para entrega de Projeto Básico/Executivo.;Notificar;;22487096;;;2025-09-23;;2025-10-01;Bruno Pimenta Resende;2025-09-11;Sim;Não;;
ASSESSORIA COAC;50600.026287/2025-73;2025-09-11;Assinado;Gabrielle;2025-09-18;-;-;-;Outros; Solicitação de apoio institucional do DNIT.;Respondemos com as informações que temos em relação a lista da CGDESP.;22327028;22701520;;;2025-10-20;"22672904 - substituído
22689344 - corrigido
";2025-10-20;Rebeca Braz Soares Fiameni;2025-09-11;Sim;Não;;
PROJETO;50600.027428/2025-75;2025-10-15;Assinado;Bruno;2025-10-22;PR;09 00070/2022;BR-376;Notificação;Descumprimento dos prazos fixados no Cronograma Físico-Financeiro para entrega de Projeto Básico/Executivo.;Notificação aguardando troca do Consórcio;;22357314;;;2025-10-20;;2025-10-20;Gabrielle Afonso Pereira Nogueira;2025-09-11;Sim;Não;;
PROJETO;50600.015637/2025-76;2025-09-11;Assinado;Bruno;2025-09-18;RO;22 00902/2020;BR-364;Notificação;Descumprimento dos prazos fixados no Cronograma Físico-Financeiro para entrega de Projeto Básico/Executivo.;Notificar;;22357697;;;2025-09-12;;2025-09-16;Rebeca Braz Soares Fiameni;2025-09-11;Sim;Não;;
PROJETO;50600.027469/2025-61;2025-09-12;Assinado;Bruno;2025-09-19;RS;10 00821/2019;BR-116;Notificação;Descumprimento dos prazos fixados no Cronograma Físico-Financeiro para entrega de Projeto Básico/Executivo.;Notificação ;;22363020;;;2025-09-23;Revisado em 12/09/2025 - necessidade de correção;2025-10-03;Bruno Pimenta Resende;2025-09-12;Sim;Não;;
PROJETO;50600.027485/2025-54;2025-09-12;Assinado;Bruno;2025-09-19;SE;-;-;Notificação;Descumprimento dos prazos fixados no Cronograma Físico-Financeiro para entrega de Projeto Básico/Executivo.;Notificação do cronograma referencial;;22364238;;;2025-09-12;;2025-09-16;Rebeca Braz Soares Fiameni;2025-09-12;Sim;Não;;
PROJETO;50600.014362/2025-53;2025-09-15;Assinado;Bruno;2025-09-22;AL;00 00608/2024;BR-101;Notificação;Descumprimento dos prazos fixados no Cronograma Físico-Financeiro para entrega de Projeto Básico/Executivo.;Notificar;;22612492;;;2025-10-07;"1ª Versão - 22371277
2ª Versão - 22512856";2025-10-09;Rebeca Braz Soares Fiameni;2025-09-15;Sim;Não;;
ASSESSORIA COAC;50617.001479/2023-26;2025-09-15;Assinado;Gabrielle;2025-09-22;ES;-;-;ANTT;Celebração dos Termos de Arrolamento e Transferência de Bens - Contorno do Mestre Álvaro e Reversão de Bens - Trecho original da BR-101/ES.;Informar que não há contrato executando e que a SR já respondeu sobre a questão da indicação de técnico para acompanhamento da visita (PEGAR MODELO MAIS ATUAL QUE JÁ FIZEMOS);22331697;22500575;;;2025-10-02;;2025-10-09;Rebeca Braz Soares Fiameni;2025-09-15;Sim;Não;;
ASSESSORIA COAC;50600.020900/2025-49;2025-09-15;Assinado;Gabrielle;2025-09-22;-;-;-;Outros;Solicitação de Informações - Andamento das Obras - Rodovia BR-285/SC.;Consolidação das informações apresentadas pelas Regionais;22329651;22500622;;;2025-10-02;"22397602
";2025-10-09;Rebeca Braz Soares Fiameni;2025-09-15;Sim;Não;;
PROJETO;50609.001700/2014-54;2025-09-15;Assinado;Bruno;2025-09-22;PR;09 00397/2021;BR-487;Projetos;Contrato nº 09 00397/2021 - Ciência de Cronograma Repactuado - BR-487/PR.;Estudar tratativas quanto ao novo cronograma. Entender se já foi aprovado. Dar ciência ou cobrar aprovação.;22352448;22530649;;;2025-09-30;"22394803 - 1ª Versão - 16/09/2025
22490140 - 2ª Versão";2025-10-03;Bruno Pimenta Resende;2025-09-15;Sim;Não;;
ASSESSORIA COAC;50600.025648/2025-64;2025-09-16;Assinado;Rebeca;2025-09-23;-;-;-;Ministério;"Atualização das informações dos Balanços e Monitoramento das ações do Novo PAC. Cronograma de entregas.

  ";Responder quanto às tratativas da reunião, informando complilação da DIREX;22312871;22436763;;;2025-09-17;;2025-09-18;Bruno Pimenta Resende;2025-09-17;Sim;Não;;
PROJETO;50611.001111/2022-37;2025-09-18;Assinado;Gabrielle;2025-09-25;MT;00 000764/2011;BR-070/163/364;Projetos; Análise do Projeto Executivo de Componente Ambiental - BR-070/163/364/MT. TC n.º 764/2011.;Encaminhar para Consórcio o RAP;22407848;22500442;;;2025-09-30;22446518;2025-10-03;Bruno Pimenta Resende;2025-09-18;Sim;Não;;
PROJETO;50611.003107/2022-11;2025-09-18;Assinado;Gabrielle;2025-09-25;MT;11 00159/2022;BR-158;Projetos; Inclusão de documentos referentes a análise dos estudos e projetos desenvolvidos no âmbito do Contrato n.º 159/2022.;Verificar;22429650;22544863;;;2025-09-30;22475921;2025-10-03;Bruno Pimenta Resende;2025-09-18;Sim;Não;;
PROJETO;50600.002661/2025-45;2025-09-22;Assinado;Gabrielle;2025-09-29;TO;00 00958/2024;BR-226;Projetos;Encaminhamento de documentos - Contenção dos Encontros da Ponte sobre o Rio Tocantins.;Ciência sobre encaminhamento de projeto.;22446649;22474675;;;2025-09-24;;2025-10-03;Bruno Pimenta Resende;2025-09-22;Sim;Não;;
PROJETO;50600.015748/2024-00;2025-09-25;Assinado;Bruno;2025-10-02;AL;00 00057/2024;BR-349;Projetos;Relatório de Análise do Projeto Básico/Executivo - Rodovia BR-349/AL/SE.;Encaminhar relatório ao Consórcio e encaminhar projeto para a CGDESP.;22454542;22543554;22543920;;2025-09-30;;2025-10-03;Bruno Pimenta Resende;2025-09-25;Sim;Não;;
ASSESSORIA COAC;50615.000736/2014-31;2025-09-25;Assinado;Gabrielle;2025-10-02;MA;-;-;DNIT/SRE;Alienação de trechos rodoviários ao município de Santa Inês/MA - BR-222/MA e BR-316/MA.;Verificar trecho e informar se há contrato ativo;22462853;22631641;;;2025-10-07;;2025-10-09;Rebeca Braz Soares Fiameni;2025-09-25;Sim;Não;;
ASSESSORIA COAC;50609.003227/2024-11;2025-09-26;Assinado;Gabrielle;2025-10-03;PR;-;-;DNIT/SRE;Alienação por meio de doação de segmento rodoviário da BR-369/PR​ ao município de Rolândia/PR.;Informar que não temos contratos ativos no trecho;22468534;22937959;;;2025-09-26;Atualização de documento 22519374 - 1º revisão 13/10;2025-09-26;Gabrielle Afonso Pereira Nogueira;2025-09-26;Sim;Não;;
PROJETO;50606.003862/2025-18;2025-09-26;Assinado;Bruno;2025-10-03;MG;00 00041/2025;BR-381;Projetos;"Encaminhamento dos Estudos Geológicos e do Relatório Preliminar de Avaliação
Ambiental. da Rodovias BR-381/MG – Lote 8B ";Dar ciência;22483793;22577647;;;2025-10-02;22577125 - 1ª - Versão;2025-10-08;Bruno Pimenta Resende;2025-09-26;Sim;Não;;
PROJETO;50621.000745/2025-04;2025-09-26;Assinado;Bruno;2025-10-03;SE;21 00259/2025;BR-101;Projetos;Termo de Aceite Estudos de Engenharia - Acesso a Pedra Branca - Contrato n.º 21.00259/2025.;Ciência somente do Termo de Aceite, pois os projetos anteriores são relacionados ao Termo de Aceite.;22481089;22583085;;;2025-10-07;;2025-10-08;Bruno Pimenta Resende;2025-09-26;Sim;Não;;
ASSESSORIA COAC;50600.029156/2025-48;2025-09-26;Assinado;Gabrielle;2025-10-03;MG;-;-;Parlamentares;COM PRAZO - Solicitação de informações - BR-381/MG.;Pegar informação do processo de fala.br da BR-381;22496372;22546988;;;2025-10-02;;2025-10-03;Bruno Pimenta Resende;2025-09-26;Sim;Não;;
PROJETO;50600.023451/2025-91;2025-09-26;Assinado;Bruno;2025-10-03;RS;00 00375/2024;BR-116;Projetos;Encaminhamento do Relatório de Análise dos Estudos de Tráfego - BR-116/RS. ;Encaminhar Consórcio/SR;22503475;22557101;;;2025-10-01;;2025-10-03;Bruno Pimenta Resende;2025-09-26;Sim;Não;;
PROJETO;50600.034231/2024-10;2025-09-26;Assinado;Bruno;2025-10-03;BA;00 00391/2024;BR-030;Projetos; Encaminhamento dos Relatórios de Análise dos Estudos Topográficos, Estudos de Traçado e Projeto Básico de Geometria - BR-030/BA - Lote 01.  ;Encaminhar análise ao Consórcio e projetos a DPP;22504346;22615051;22619467;;2025-10-07;;2025-10-08;Bruno Pimenta Resende;2025-09-26;Sim;Não;;
ASSESSORIA COAC;50001.095980/2025-45;2025-09-26;Assinado;Gabrielle;2025-10-03;MG;-;-;FALA-BR;Solicitação de inclusão de retorno nas obras de duplicação da Rodovia BR-381 (Lote 8A).;Sugerir envio à DPP, visto ter um documento com apresentação técnica da Prefeitura;22498433;22550194;;;2025-10-02;;2025-10-03;Rebeca Braz Soares Fiameni;2025-09-26;Sim;Não;;
PROJETO;50619.000599/2022-13;2025-09-26;Assinado;Bruno;2025-10-03;MS;19 00194/2021;BR-419;Projetos;Atendimento às exigências do Ofício-Circular n.º 4149/2024/DIR/DNIT SEDE - Encaminhamento de Análise - Projeto Executivo - Etapa 02 - Nova Interseção Acesso a Aquidauana na Estaca 2645 - Versão Revisada 02 - Contrato n.º 19 00194/2021.;Ciência de análise;22509432;22620376;;;2025-10-07;;2025-10-08;Rebeca Braz Soares Fiameni;2025-09-26;Sim;Não;;
PROJETO;50600.037160/2024-07;2025-09-26;Assinado;Bruno;2025-10-03;BA;00 00392/2024;BR-030;Projetos;Emissão de Termo de Aceite Contrato 00 00392/2024 - Rodovia BR-030/BA - Lote 2.;"Ciência, Encaminhamento de análises e cronograma
Carta 18 encaminhada para SR/BA para conhecimento, pois a carta foi encaminhada comente pra gente.";22422760;22669003;22668997;;2025-10-10;"22628209 - 1ª Versão
22628313 - 1ª Versão
22631268 - 1ª Versão
22796712 - 2ª Versão";2025-10-14;Bruno Pimenta Resende;2025-09-26;Sim;Não;;
ASSESSORIA COAC;50600.028972/2025-34;2025-09-29;Assinado;Gabrielle;2025-10-06;MG;00 00403/2022;BR-367;Parlamentares;Solicitação de informações sobre as obras na BR-367/MG.;Informar o que está no Atlas e Casa Civil;22513715;22606999;;;2025-10-06;;2025-10-09;Rebeca Braz Soares Fiameni;2025-09-30;Sim;Não;;
ASSESSORIA COAC;50615.002021/2025-76;2025-09-30;Assinado;Gabrielle;2025-10-07;MA;-;-;Outros;Solicitação para apresentação de documentação encaminhada pela Prefeitura Municipal de São Mateus do Maranhão-MA.;Após verificação no banco de dados verificou-se que não há nenhum contrato no município.;22528837;22561352;;;2025-10-02;;2025-10-03;Rebeca Braz Soares Fiameni;2025-10-01;Sim;Não;;
ASSESSORIA COAC;50600.029757/2025-51;2025-09-30;Assinado;Rebeca;2025-10-07;PR;-;-;Ministério;Solicitação de Informações para consolidação da posição brasileira - XXI Reunião da Comissão Mista Brasileiro-Paraguaia para a Construção Segunda Ponte Rodoviária Internacional sobre o Rio Paraná.;Confirmar informações da SR;22539319;22561400;;;2025-10-01;;2025-10-02;Rebeca Braz Soares Fiameni;2025-10-01;Sim;Não;;
PROJETO;50600.027485/2025-54;2025-10-03;Assinado;Bruno;2025-10-10;SE;21 00259/2025;BR-101;Notificação;Descumprimento dos prazos fixados no Cronograma Físico-Financeiro para entrega de Projeto Básico/Executivo.;Pedimos que a SR/SE formalize que o cronograma referencial;22564728;22651971;;;2025-10-09;;2025-10-09;Rebeca Braz Soares Fiameni;2025-10-03;Sim;Não;;
PROJETO;50605.000038/2024-27;2025-10-03;Assinado;Bruno;2025-10-10;BA;00 00391/2024;BR-030;Projetos;Verificação de projeto de interseção das rodovias BA-592 e BR-030/BA.;Ciência do projeto de interseção do governo da Bahia;22559898;22682616;;;2025-10-21;;2025-11-03;Bruno Pimenta Resende;2025-10-03;Sim;Não;;
ASSESSORIA COAC;50600.006415/2025-62;2025-10-03;Assinado;Gabrielle;2025-10-10;RS;-;-;DNIT/SRE;Ponte Internacional de Porto Xavier/San Javier – Lapso entre conclusão da ponte e das obras do Complexo Integrado de Fronteira.;Tomar conhecimento e concluir na unidade - despacho de conclusão;22516191;22632217;;;2025-10-07;;2025-10-09;Rebeca Braz Soares Fiameni;2025-10-03;Sim;Não;;
PROJETO;50600.015748/2024-00;2025-10-03;Assinado;Bruno;2025-10-10;AL;00 00057/2024;BR-349;Projetos; Encaminhamento de documentos - Contrato n.º 57/2024.;Empresa respondeu que enviou os projetos corrigidos, referente ao Relatório de Análise do Projeto 259/2025-00 (SEI nº 22293951) no Ofício 18. Ciência.;22592228;22683518;;;2025-10-21;;2025-11-05;Bruno Pimenta Resende;2025-10-03;Sim;Não;;
PROJETO;50604.001490/2023-35;2025-10-03;Assinado;Gabrielle;2025-10-10;PE;04 00260/2021;BR-423;Projetos;Emissão de Termo de Aceite - Rodovia BR-423/PE Contrato n.º 260/2021.;Oficio de ciência à DIR;22546161;22604252;;;2025-10-10;;2025-11-03;Bruno Pimenta Resende;2025-10-03;Sim;Não;;
PROJETO;50600.003198/2025-59;2025-10-03;Assinado;Bruno;2025-10-10;PA;02 00261/2024;BR-230;Projetos; Emissão de Termo de Aceite  - Rodovia BR-230/PA - Contrato n.º 261/2024​​.;Encaminhar termos de aceite e ciência;22545148;22684586;22689599;;2025-10-13;;2025-11-05;Bruno Pimenta Resende;2025-10-03;Sim;Não;;
ASSESSORIA COAC;50600.025342/2025-16;2025-10-03;Assinado;Rebeca;2025-10-10;-;-;-;Ministério; Reiteração - Solicitação de informações - Rodovia do Aço - BR-393/RJ - Execução de obras dos contornos/variantes de Sapucaia, Anta e Jamapará/RJ.;Informar falta de contrato, apreiação da matéria tem q seguir memorando circular da Casa Civil, enviar para Sr com as orientações de inclusão no PAC (19217421);22583220;22606898;;;2025-10-06;;2025-10-09;Rebeca Braz Soares Fiameni;2025-10-03;Sim;Não;;
PROJETO;50600.014788/2024-26;2025-10-06;Assinado;Bruno;2025-10-13;MG;00 00041/2025;BR-381;Projetos;Contrato 00.0041/2025 – Aprovação cronograma revisado;Contrato n.º 00 00041/2025 – Ciência de Cronograma Aprovado - BR-381/MG.;22521970;22643347;;;2025-10-08;22606341 - 1ª Versão;2025-10-10;Bruno Pimenta Resende;2025-10-06;Sim;Não;;
PROJETO;50600.023451/2025-91;2025-10-06;Assinado;Gabrielle;2025-10-13;RS;00 00375/2024;BR-116;Projetos;Análise dos Estudos de Tráfego - Contrato n.º 375/2024 (BR-116/RS);Ofício de ciência à DIR.;22581725;22605676;;;2025-10-06;;2025-11-03;Bruno Pimenta Resende;2025-10-06;Sim;Não;;
ASSESSORIA COAC;50613.000956/2023-76;2025-10-06;Assinado;Rebeca;2025-10-13;PB;-;-;DNIT/SRE;Transferência do Acesso Oeste de Patos - da União à Prefeitura Municipal de Patos.;Informar que não existe contrato ativo no trecho;22577450;22685260;;;2025-10-06;;2025-10-06;Gabrielle Afonso Pereira Nogueira;2025-10-06;Sim;Não;;
ASSESSORIA COAC;50001.094248/2025-58;2025-10-06;Assinado;Rebeca;2025-10-13;BA;-;-;FALA-BR;Solicitação de informações - Obras de duplicação da Rodovia BR-101/BA.;Responder quanto ao edital da BR-101/BA, Lote 1/2;22522792;22640069;;;2025-10-09;;2025-10-09;Rebeca Braz Soares Fiameni;2025-10-06;Sim;Não;;
ASSESSORIA COAC;50600.028002/2025-39;2025-10-06;Assinado;Gabrielle;2025-10-13;-;-;-;Outros;Solicitação de informações relacionadas à Rodovia BR-235, região do MATOPIBA.;Ofício a DIR dando informações sobre o convênio da BR 235 PI.;22493369;22615937;;;2025-10-13;;2025-10-22;Bruno Pimenta Resende;2025-10-06;Sim;Não;;
PROJETO;50619.000790/2024-19;2025-10-07;Assinado;Bruno;2025-10-14;MS;19 00758/2023;BR-267;Projetos;Emissão de Termo de Aceite - Projeto de de Geometria e de Interseções do Contrato n.º 758/2023 (BR-267/MS).;Encaminhamento de Termo de Aceite para a empresa e ciência de projeto;22607701;22771810;22771828;;2025-10-21;22691016 - 1ª versão;2025-11-03;Bruno Pimenta Resende;2025-10-07;Sim;Não;;
PROJETO;50600.029209/2024-40;2025-10-09;Revisado;Bruno;2026-09-30;-;-;-;Outros;Ofício Circular para Fluxo de Projetos;Aguardando Fábio para aprovação da Minuta. Lembrear Marília.;;22933419;22933603;;2025-10-09;;2025-10-09;Bruno Pimenta Resende;2025-10-09;Não;Não;"Bruno Pimenta Resende - 07/04/2026 14:15
Fluxo de Projetos com a Marília desde 17/12/2025. Aguardando assinatura.";
ASSESSORIA COAC;50600.031111/2025-33;2025-10-08;Assinado;Rebeca;2025-10-15;-;-;-;Parlamentares;Solicitação de informações sobre a obra de Duplicação da Rodovia BR-101/SE.;Responder quanto aos contratos;22629846;;;;2025-10-17;;2025-10-17;Rebeca Braz Soares Fiameni;2025-10-09;Sim;Não;;
PROJETO;50606.000347/2025-78;2025-10-09;Assinado;Gabrielle;2025-10-16;MG;00 00619/2024;BR-381;Projetos;"Encaminhamento do Estudos Tráfego da Rodovia BR-381/MG – Lote 8A 
";Encaminhar DPP;22644150;22697474;;;2025-10-14;;2025-10-14;Bruno Pimenta Resende;2025-10-09;Sim;Não;;
PROJETO;50600.073939/2014-14;2025-10-09;Assinado;Bruno;2025-10-16;PA;00 00011/2021;BR-230;Projetos;Carta nº 032/2025 (22550347). Consórcio Supervisor OAE BR-230/PA em 29 de setembro de 2025.;Ciencia. termo aditivo já está sendo tratado pela sr.;22585810;22766535;;;2025-10-21;;2025-11-03;Bruno Pimenta Resende;2025-10-09;Sim;Não;;
PROJETO;50606.003862/2025-18;2025-10-09;Assinado;Gabrielle;2025-10-16;MG;00 00041/2025;BR-381;Projetos;Encaminhamento dos Estudos Hidrológicos da Rodovia BR-381/MG – Lote 8B ;Encaminhar DPP e encaminhamento de relatório de análise para o consórcio.;22633500;22797184;22663021;;2025-10-10;;2025-10-31;Bruno Pimenta Resende;2025-10-09;Sim;Não;;
PROJETO;50603.002068/2024-98;2025-10-09;Assinado;Bruno;2025-10-16;CE;03 00077/2024;BR-116;Projetos;Andamento da análise do Relatório de Metodologia Avaliatória - RMA;Ciência de projetos encaminhados à SR/CE;22642867;22811324;;;2025-10-14;22698576 - 1ª Versão;2025-11-05;Bruno Pimenta Resende;2025-10-09;Sim;Não;;
PROJETO;50600.027265/2025-21;2025-10-10;Assinado;Bruno;2025-10-17;MT;11 00159/2022;BR-158;Notificação;Descumprimento dos prazos fixados no Cronograma Físico-Financeiro para entrega de Projeto Básico/Executivo.;Verificar com a Marília. Não encontrou o termo de aceite das demais disciplinas.;22624993;22746106;;;2025-10-20;;2025-11-03;Bruno Pimenta Resende;2025-10-10;Sim;Não;;
ASSESSORIA COAC;50600.030244/2025-92;2025-10-10;Assinado;Rebeca;2025-10-17;-;-;-;Outros;COM PRAZO - Análise dos saldos conta obras em andamento - encerramento exercício 2025 DIR/SEDE/DNIT.;Preencher planilha como orientado pelo servidor da DAF;22645466;23208372;23230878;;2025-12-05;;2025-12-05;Rebeca Braz Soares Fiameni;2025-10-10;Sim;Não;;
ASSESSORIA COAC;50600.030319/2025-35;2025-10-10;Assinado;Rebeca;2025-10-17;MG;06 00298/2023;BR-265;Parlamentares;COM PRAZO - Conclusão da BR-265 no Estado de Minas Gerais.;Informar quanto à obra e orçamento da BR-265/MG;22647201;22714060;;;2025-10-15;;2025-10-17;Rebeca Braz Soares Fiameni;2025-10-10;Sim;Não;;
ASSESSORIA COAC;50600.030932/2025-52;2025-10-10;Assinado;Rebeca;2025-10-17;MG;00 00619/2024;BR-381;Parlamentares;Solicitação de apoio em prol da duplicação da BR-381/MG.;Ifnormar quanto aos contratos da 381/MG;22648986;22667456;;;2025-10-10;;2025-10-17;Rebeca Braz Soares Fiameni;2025-10-10;Sim;Não;;
ASSESSORIA COAC;50600.031158/2025-05;2025-10-10;Assinado;Gabrielle;2025-10-17;RS;00 00375/2024;BR-116;Parlamentares;Solicitação de informações - Nova Ponte sobre o rio Jaguarão;Repsonder os questionamentos, informando quanto às trativas sobre a ponte antigas (processos sobre as trativas com o Uruguai já passou aqui, pegar o que nós ou a DPP escreveu) e falar sobre o andamento do contrato;22658623;;;;2025-10-20;;2025-10-20;Rebeca Braz Soares Fiameni;2025-10-10;Sim;Não;;
PROJETO;50600.037160/2024-07;2025-09-24;Assinado;Bruno;2025-10-01;BA;00 00392/2024;BR-030;Projetos;Contrato nº 00 00392/2024 - Definição de Responsabilidades de Comunicação - BR-030/BA.;Contrato nº 00 00392/2024 - Definição de Responsabilidades de Comunicação - BR-030/BA.;22248449;22630145;;;2025-10-07;;2025-10-07;Bruno Pimenta Resende;2025-10-10;Sim;Não;;
ASSESSORIA COAC;50001.102832/2025-94;2025-10-10;Assinado;Rebeca;2025-10-17;-;00 00619/2024;BR-381;FALA-BR; Solicitação de correção do quantitativo de pontos de ônibus e passarelas nos Lotes 08A e 08B BR-381/MG.;Informar que a solicitação de ajustes de projetos devem ser solicitadas pela SR;22660045;22770477;;;2025-10-21;;2025-10-28;Rebeca Braz Soares Fiameni;2025-10-10;Sim;Não;;
ASSESSORIA COAC;50001.102097/2025-19;2025-10-10;Assinado;Gabrielle;2025-10-17;RS;-;-;FALA-BR;Solicitação de informações sobre o edital para construção da nova ponte sobre o rio Ibicuí na Rodovia BR 472/RS.;Informarmos sobre a previsão de contrato para o ano que vem .;22662493;22708675;;;2025-10-20;;2025-10-20;Rebeca Braz Soares Fiameni;2025-10-10;Sim;Não;;
ASSESSORIA COAC;50600.031383/2025-33;2025-10-14;Assinado;Gabrielle;2025-10-21;MA;-;-;Outros;Solicitação de informações - Obras de instalação do anel viário que liga as Rodovias BR-316 e BR-226.;Informar que sobre o contrato de Timon e enviar para a SR;22666116;22714007;;;2025-10-14;Primeira revisão 23/10;2025-10-14;Gabrielle Afonso Pereira Nogueira;2025-10-14;Sim;Não;;
PROJETO;50600.002661/2025-45;2025-10-14;Assinado;Bruno;2025-10-21;TO;00 00958/2024;BR-226;Projetos;Análise de Projeto Executivo - Rodovia BR-226/TO.;Verificar;22693665;22737674;;;2025-10-14;;2025-11-03;Bruno Pimenta Resende;2025-10-14;Sim;Não;;
PROJETO;50612.002355/2024-99;2025-10-15;Assinado;Gabrielle;2025-10-22;GO;12 00350/2024;BR-070;Projetos;Atualização do andamento do contrato.;Ciência de termo de aceite e dos outros projetos protocalados para a DIR com copia da SR.;22703962;22901356;;;2025-11-10;22715741;2025-11-13;Bruno Pimenta Resende;2025-10-15;Sim;Não;;
ASSESSORIA COAC;50600.029924/2025-63;2025-10-15;Assinado;Gabrielle;2025-10-22;-;-;-;ANTT;Obras de duplicação da Rodovia BR-116/RS - km 437 ao km 446 - Concessionária Ecovias Sul.;O consórcio ecovias apede providências ao dnit. Informamos sobre 2 contratos na 166 e sugerimos encaminhamento pra a sr por ser assunto técnico;22703521;22720722;;;2025-10-15;;2025-10-15;Gabrielle Afonso Pereira Nogueira;2025-10-15;Sim;Não;;
ASSESSORIA COAC;50600.032128/2025-16;2025-10-15;Assinado;Rebeca;2025-10-22;MG;-;-;FALA-BR;COM PRAZO - Solicitação de informações sobre o estudo para a duplicação da Rodovia BR-365/MG.;Informar que o trecho não tem contratos ativos e que a CGCONT não tem competência regimental quanto aos estudos de concessão;22712853;22717027;;;2025-10-15;;2025-10-15;Rebeca Braz Soares Fiameni;2025-10-15;Sim;Não;;
PROJETO;50605.003012/2014-69;2025-10-16;Assinado;Gabrielle;2025-10-23;BA;05 00858/2014;BR-116;Projetos;Contrato 858/2014 - Encaminhamento de análises - BR 116/BA.;Encaminhamento das análises para o consórcio.;00000000;22729700;;;2025-10-16;;2025-10-17;Rebeca Braz Soares Fiameni;2025-10-16;Sim;Não;;
ASSESSORIA COAC;50600.032064/2025-45;2025-10-15;Assinado;Gabrielle;2025-10-22;SC;16 00192/2019;BR-163;Parlamentares;COM PRAZO - Solicitação de informações acerca das notícias que apontam risco de paralização das obras de adequação na Rodovia BR-163/SC.;Informação de todos os dados contratuias, além dos orçamentários;22722123;22727765;;;2025-10-23;;2025-10-28;Rebeca Braz Soares Fiameni;2025-10-16;Sim;Não;;
PROJETO;50603.000483/2023-26;2025-10-16;Assinado;Bruno;2025-10-23;CE;03 00077/2024;BR-116;Projetos;"Plano de Ataque e Cronograma das Obras.
Carta 029/25 Plano de Ataque e Cronograma das Obras. (22307466)";Verificar;22723771;22844970;;;2025-10-29;;2025-11-03;Bruno Pimenta Resende;2025-10-16;Sim;Não;;
PROJETO;50602.001136/2024-10;2025-10-15;Assinado;Bruno;2025-10-22;PA;02 00261/2024;BR-230;Notificação;Descumprimento dos prazos fixados no Cronograma Físico-Financeiro para entrega de Projeto Básico/Executivo.;Notificar contratada. Notificamos a empresa pelo descumprimento do prazo do MP.;;22747477;;;2025-10-20;;2025-10-20;Bruno Pimenta Resende;2025-10-17;Sim;Não;;
PROJETO;50600.034231/2024-10;2025-10-17;Assinado;Bruno;2025-10-24;BA;00 00391/2024;BR-030;Projetos;Possíveis atrasos na elaboração dos Projetos - Contrato TT-391/2024.;Informar quanto ao trâmite não ser da CGCONT e que o PAAR deve ser avaliado pela SR;22732436;22818328;;;2025-10-21;22758585 - 1ª Versão;2025-11-07;Bruno Pimenta Resende;2025-10-20;Sim;Não;;
ASSESSORIA COAC;50001.102492/2025-00;2025-10-20;Assinado;Gabrielle;2025-10-27;MS;-;-;FALA-BR;COM PRAZO - Solicitação de acesso a documentos - Contratos DNIT nº 758/2023 e nº 142/2024.;Responder sobre porto murtinho com os relatórios de supervisão.;22749313;22759726;;;2025-10-21;;2025-10-24;Rebeca Braz Soares Fiameni;2025-10-20;Sim;Não;;
ASSESSORIA COAC;50600.032598/2025-71;2025-10-20;Assinado;Gabrielle;2025-10-27;-;-;-;Parlamentares;COM PRAZO - Solicitação de informações sobre os períodos de estiagem que comprometem drasticamente a navegabilidade dos rios no Amazonas.;Responder só as perguntas que nos cabe e usar como base a última resposta que minutamos pra ele 21796987;22735641;22856008;;;2025-10-20;;2025-10-20;Gabrielle Afonso Pereira Nogueira;2025-10-20;Sim;Não;;
ASSESSORIA COAC;50600.032005/2025-77;2025-10-20;Assinado;Gabrielle;2025-10-27;RS;-;-;Outros;Solicitação da SNTR sobre plano de manutenção, investimentos e viabilidade de concessão visando a duplicação da Rodovia BR-285/RS.;Informar quanto ao contrato 717/2023 (único no trecho). E deixar claro sobre a falta de competencia da CGCONT de plano de manutenção.;22707165;22761587;;;2025-10-20;;2025-10-20;Gabrielle Afonso Pereira Nogueira;2025-10-20;Sim;Não;;
PROJETO;50600.007228/2025-04;2025-10-20;Assinado;Gabrielle;2025-10-27;BA;00 00379/2024;BR-116;Projetos;Revisão Estudo de Tráfego;Empresa encaminhou resposta aos relatórios não aprovados, e encaminhou novo estudo que precisa ir pra DPP.;22764097;22884176;22884210;;2025-11-03;"22849424 - 1ª Versão
22849584 - 1ª Versão";2025-11-03;Bruno Pimenta Resende;2025-10-20;Sim;Não;;
PROJETO;50623.000081/2025-55;2025-10-21;Assinado;Bruno;2025-10-28;TO;00 00958/2024;BR-226;Projetos;"Consórcio Ponte do Estreito - 00 0958/2024.

  ";Ciência;22759637;22774729;;;2025-10-21;;2025-11-03;Bruno Pimenta Resende;2025-10-21;Sim;Não;;
PROJETO;50606.003862/2025-18;2025-10-21;Assinado;Gabrielle;2025-10-28;MG;00 00041/2025;BR-381;Projetos;Análise dos Estudos Geológicos e do Projeto Executivo de Topografia - Rodovia BR-381/MG - Lote 8B - Contrato n.º 41/2025.;Encaminhamento dos relatórios de anaálise para a empresa.;22760268;22797184;;;2025-10-21;;2025-10-31;Bruno Pimenta Resende;2025-10-21;Sim;Não;;
PROJETO;50600.033430/2025-83;2025-10-21;Assinado;Bruno;2025-10-28;MS;19 00758/2023;BR-267;Notificação;Descumprimento dos prazos fixados no Cronograma Físico-Financeiro para entrega de Projeto Básico/Executivo.;Notificar. Falar com a Marília sobre a inclusão do parágrafo que o Pitombeira pediu. Falar sobre as aduanas.;;22782763;;;2025-11-18;;2025-11-24;Bruno Pimenta Resende;2025-10-21;Sim;Não;;
ASSESSORIA COAC;50604.002671/2025-41;2025-10-21;Assinado;Rebeca;2025-10-28;BA;-;-;DNIT/SRE;Impactos da obra do DNIT na BR-407 - Travessia Urbana de Juazeiro/BA e reflexos em Petrolina/PE;Solicitação atualizações paaa a SR sobre o tema;22443806;22781998;;;2025-10-21;;2025-10-24;Rebeca Braz Soares Fiameni;2025-10-21;Sim;Não;;
PROJETO;50600.037160/2024-07;2025-10-22;Assinado;Bruno;2025-10-29;BA;00 00392/2024;BR-030;Projetos;"Contrato nº 00 00392/2024 - Ciência dos projetos - BR-030/BA.
Contrato nº 00 00392/2024 - Encaminhamento de análise de projetos - BR-030/BA.";Ciência e Encaminhamento;22785970;22796712;22796791;;2025-10-22;;2025-11-03;Bruno Pimenta Resende;2025-10-22;Sim;Não;;
PROJETO;50603.000829/2024-77;2025-10-22;Assinado;Bruno;2025-10-29;CE;03 00077/2024;BR-116;Projetos;Contrato nº 03 00077/2024 - Ciência de projetos - BR-116/CE.;Ciência;22797444;22839220;22839313;;2025-10-28;"22672139 - 5ª Versão
22805411 - 6ª Versão
22805539 - 1ª versão";2025-11-03;Bruno Pimenta Resende;2025-10-23;Sim;Não;;
ASSESSORIA COAC;50600.032573/2025-78;2025-10-22;Assinado;Gabrielle;2025-10-29;PE;04 00520/2022;BR-407;Outros;Solicitação de conclusão de obras e melhorias de acesso na BR-407/PE.;Responder sobre o trecho da obra e o andamento dos serviços, identificando or marcos quilométricos. Consultar Atlas e relatório de supervisão, mas sem se comprometer muito com datas, pq essa obra é enrolada. Sugerir  encaminhamentopara a SR, para conhecimento e possível complementação da resposta, visto ser unidade fiscalizadora;22754359;22834473;;;2025-10-24;;2025-10-24;Gabrielle Afonso Pereira Nogueira;2025-10-24;Sim;Não;;
PROJETO;50600.027469/2025-61;2025-10-28;Assinado;Bruno;2025-11-04;RS;10 00821/2019;BR-116;Notificação;Descumprimento dos prazos fixados no Cronograma Físico-Financeiro para entrega de Projeto Básico/Executivo.;Ciência;22829212;23055392;;;2025-11-18;;2025-11-24;Bruno Pimenta Resende;2025-10-28;Sim;Não;;
PROJETO;50606.000238/2023-99;2025-10-22;Assinado;Bruno;2025-10-29;MG;00 00277/2022;BR-135;Projetos;Contrato n.º 00 00277/2022​ – Encaminhamento de Termo de Aceite - BR-135/MG.;Encaminhar Termo de Aceite a empresa;22788833;22821292;;;2025-10-24;;2025-11-03;Bruno Pimenta Resende;2025-10-28;Sim;Não;;
ASSESSORIA COAC;50600.033658/2025-73;2025-10-28;Assinado;Gabrielle;2025-11-04;AM;-;-;Parlamentares;COM PRAZO - Solicitação de Informações - Obras de Pavimentação da Rodovia BR-319;Informar o status da obra e encaminhar para a SR atender o item do relatório fotográfico;22825066;22838164;;;2025-10-28;;2025-10-28;Gabrielle Afonso Pereira Nogueira;2025-10-28;Sim;Não;;
PROJETO;50619.000599/2022-13;2025-10-28;Assinado;Bruno;2025-11-04;MS;19 00194/2021;BR-419;Projetos;Ciência de projetos;Ciência;22827838;22918409;;;2025-11-05;;2025-11-05;Bruno Pimenta Resende;2025-10-28;Sim;Não;;
PROJETO;50602.001136/2024-10;2025-10-29;Assinado;Bruno;2025-11-05;PA;02 00261/2024;BR-230;Notificação;Descumprimento dos prazos fixados no Cronograma Físico-Financeiro para entrega de Projeto Básico/Executivo.;Verificar;22845254;22862158;;;2025-11-03;;2025-11-03;Bruno Pimenta Resende;2025-10-29;Sim;Não;;
PROJETO;50622.002567/2025-38;2025-10-29;Assinado;Bruno;2025-11-05;RO;00 00461/2025;BR-425;Outros;Solicitações da SRE/RO - Contrato n.º 461/2025.;Ofício para a DIR pedindo pra encaminhar para o MT. Encaminhando todos os doumentos;22845973;22992209;;;2025-11-12;"22934468 - 1ª versão
22944703 - 2ª Versão";2025-11-14;Bruno Pimenta Resende;2025-10-29;Sim;Não;;
PROJETO;50609.004210/2023-09;2025-10-31;Assinado;Gabrielle;2025-11-07;PR;09 00397/2021;BR-487;Projetos;Inclusão dos projetos enviados pela Construtora Castilho, contrato o SR/PR - 397/2021.;Encaminhamento de termo de aceite para empresa, e ciência de projetos com encaminhamento pra DPP.;22861618;22873050;22873057;;2025-11-03;;2025-11-03;Bruno Pimenta Resende;2025-10-31;Sim;Não;;
ASSESSORIA COAC;03002.001303/2025-84;2025-10-31;Assinado;Rebeca;2025-11-07;MS;19 00758/2023;BR-267;FALA-BR;COM PRAZO - Solicitação de informações - Lei de Acesso à Informação.;Informar que a demanda já foi atendida pelo processo SEI nº 50001.102492/2025-00;22835789;22872765;;;2025-10-31;;2025-11-03;Rebeca Braz Soares Fiameni;2025-10-31;Sim;Não;;
ASSESSORIA COAC;50600.033050/2025-49;2025-10-24;Assinado;Rebeca;2025-10-31;-;-;-;DNIT/SRE;COM PRAZO -  Instrução normativa para implementar a remuneração variável no âmbito do Departamento Nacional de Infraestrutura de Transportes - DNIT.;Infomar que não há contribuição e sugerir encaminhamento para as SRs;22798656;22893026;;;2025-11-03;;2025-11-03;Rebeca Braz Soares Fiameni;2025-11-03;Sim;Não;;
ASSESSORIA COAC;50600.500208/2017-90;2025-11-03;Assinado;Gabrielle;2025-11-10;PA;00 00035/2013;BR-163;DNIT/SRE;Solicitação de informações e projetos referentes ao trecho km 674,40 ao km 787,00 (Lote Único).;Justificar que o contrato segue concluído junto à essa coordenação e que a SR está à frente d alicitação da supervisora. Cita o edital 75/2025 e seu objeto. Sugerir encaminhamento da demanda à SR;22834427;22896634;;;2025-11-21;"Revisão 06/11
Necessidad de atualização após publicação de edital";2025-11-24;Gabrielle Afonso Pereira Nogueira;2025-11-03;Sim;Não;;
ASSESSORIA COAC;50600.022303/2025-59;2025-11-03;Assinado;Rebeca;2025-11-10;RS;00 00246/2025;BR-392;Ministério;URGENTE - Contratação referente à Ponte Porto Xavier - Edital n.º 470/2024.;Marília pediu para historiar as tratativas da assinatura do contrato.;22881896;22913618;;;2025-11-03;;2025-11-03;Gabrielle Afonso Pereira Nogueira;2025-11-03;Sim;Não;;
PROJETO;50602.001136/2024-10;2025-11-04;Assinado;Bruno;2025-11-11;PA;02 00261/2024;BR-230;Projetos;Solicitação de informações sobre o licenciamento ambiental referentes às 5 pontes aprovadas no Contrato nº 02 00261/2024.;Encaminhar para DPP;;22900667;;;2025-11-04;;2025-11-04;Gabrielle Afonso Pereira Nogueira;2025-11-04;Sim;Não;;
ASSESSORIA COAC;50600.034517/2025-78;2025-11-04;Assinado;Gabrielle;2025-11-11;RS;-;-;Outros;COM PRAZO - Encaminhamento de demanda referente à infraestrutura da BR-293.;"Informar que não há contrato no trechoo.
Incluir texto que fala q a DPP é responsável pelo planejamento.
Finalizar informando que estamos disponíveis para ajudar.";22869041;22907633;;;2025-11-06;;2025-11-06;Gabrielle Afonso Pereira Nogueira;2025-11-04;Sim;Não;;
PROJETO;50603.000829/2024-77;2025-11-06;Assinado;Bruno;2025-11-13;CE;03 00077/2024;BR-116;Projetos;Entrega Projeto Executivo Terraplenagem – Rev A;Ciência;22927859;22949021;;;2025-11-07;22931419 - 1ª Versão;2025-11-07;Bruno Pimenta Resende;2025-11-06;Sim;Não;;
PROJETO;50606.003862/2025-18;2025-11-05;Assinado;Bruno;2025-11-12;MG;00 00041/2025;BR-381;Projetos;"Encaminhamento dos Estudos Topográficos – Rev. A da Rodovia BR-381/MG –
Lote 8B";Ciência;22925713;22933042;;;2025-11-06;;2025-11-07;Bruno Pimenta Resende;2025-11-06;Sim;Não;;
PROJETO;50600.015633/2025-98;2025-11-06;Assinado;Gabrielle;2025-11-13;PE;04 00520/2022;BR-407;Notificação;Descumprimento dos prazos fixados no Cronograma Físico-Financeiro para entrega de Projeto Básico/Executivo - resposta da SR.;Ofício a DIR com cópia para a SR informando as tratativas que foram tomadas entre empresas e a SR.;22892097;22994880;;;2025-11-13;;2025-11-14;Bruno Pimenta Resende;2025-11-06;Sim;Não;;
ASSESSORIA COAC;50600.030248/2025-71;2025-11-05;Assinado;Gabrielle;2025-11-12;MT;-;-;DNIT/SRE;Solicitação de informações e documentos – Rodovia BR-364 (trecho urbano de Cuiabá/MT).;Cidadão pede informações sobre a BR 364 - informamos sobre a obra do contorno viário de cuiabá que pega o entroncamento da 364 mas se desenvolve na br 163.;22917042;23025251;;;2025-11-17;Revisado em 14/11 - correção;2025-11-24;Gabrielle Afonso Pereira Nogueira;2025-11-06;Sim;Não;;
ASSESSORIA COAC;00137.010035/2025-78;2025-11-06;Assinado;Gabrielle;2025-11-13;AP;-;-;FALA-BR;Sugestões para melhorias/modernizações na Rodovia BR-156/AP. Proposta de criação da “Zona de Livre Comércio do Oiapoque (ZLC-Oiapoque).;Informar contratos de pavimentação da 156/AP e finalizar enviando para a DPP;22926420;22947037;;;2025-11-17;;2025-11-21;Gabrielle Afonso Pereira Nogueira;2025-11-06;Sim;Não;;
ASSESSORIA COAC;50600.020913/2025-18;2025-11-07;Assinado;Gabrielle;2025-11-14;RS;-;-;ANTT;Solicitação de informações sobre as patologias apontadas no trecho de obras de duplicação da Rodovia BR-116/RS - km 510 ao km 511 – Concessionária Ecovias Sul.;Despacho de conclusão na unidade.;22885323;22955903;;;2025-11-17;;2025-11-24;Gabrielle Afonso Pereira Nogueira;2025-11-07;Sim;Não;;
PROJETO;50606.000347/2025-78;2025-11-10;Assinado;Bruno;2025-11-17;MG;00 00619/2024;BR-381;Projetos;Solicitação de informações - Projeto e Obra de implantação da BR-381/MG, Lote 8A.;Ciência de análises e projetos e encaminhamento da carta 63 para a SR/MG;22891484;22964123;22964565;;2025-11-10;;2025-11-13;Bruno Pimenta Resende;2025-11-10;Sim;Não;;
PROJETO;50600.023451/2025-91;2025-11-10;Assinado;Gabrielle;2025-11-17;RS;00 00375/2024;BR-116;Projetos;Encaminhamento do Relatório de Análise dos Estudos de Tráfego - BR-116/RS. ;"3 ofícios:
Encaminhamento de relatório para a empresa;
Encaminhamento de projeto pra DPP;
Ciência de projeto e relatório.";22963479;23029277;23029431;23029676;2025-11-18;;2025-11-24;Bruno Pimenta Resende;2025-11-11;Sim;Não;;
ASSESSORIA COAC;50600.034455/2025-02;2025-11-11;Assinado;Rebeca;2025-11-18;RO;-;-;Ministério;COM PRAZO - Licitação da Travessia Urbana de Ariquemes/RO e do Projeto Executivo da BR-421/RO - trecho entre Ariquemes e GuarajáMirim - Senador Confúcio Moura;Informar sobre o contrato da Ponte de Guajará-Mirim e encaminhar à DPP;22954338;22982781;;;2025-11-11;;2025-11-21;Gabrielle Afonso Pereira Nogueira;2025-11-11;Sim;Não;;
ASSESSORIA COAC;50600.035662/2025-76;2025-11-11;Assinado;Gabrielle;2025-11-18;RN;-;-;Parlamentares;Solicitação de providências relativas à implantação de trechos da BR-110/RN e recapeamento completo da BR-427/RN.;Informar que não temos contratos nos locais indicados, informar que não tratamos de federalização e encaminhar demanda à DPP;22974361;22986855;;;2025-11-17;;2025-11-21;Gabrielle Afonso Pereira Nogueira;2025-11-11;Sim;Não;;
PROJETO;50603.000483/2023-26;2025-11-11;Assinado;Bruno;2025-11-18;CE;03 00077/2024;BR-116;Projetos;Revisão de Plano de Trabalho;Encaminhar para SR/CE;22982392;22992249;;;2025-11-12;;2025-11-13;Bruno Pimenta Resende;2025-11-12;Sim;Não;;
PROJETO;50609.004210/2023-09;2025-11-11;Assinado;Gabrielle;2025-11-18;PR;09 00397/2021;BR-487;Projetos;Orçamento Executivo da Obra (Volume 4) – Revisão 01;Ofício de ciência de projetos e encaminhamento de relatório de análise ara a empresa.;22979768;23008834;23008917;;2025-11-13;;2025-11-13;Bruno Pimenta Resende;2025-11-12;Sim;Não;;
ASSESSORIA COAC;50600.035161/2025-90;2025-11-11;Assinado;Rebeca;2025-11-18;-;-;-;DNIT/SRE;COM PRAZO - Levantamento sobre a natureza dos contratos de Supervisão, Gerenciamento e Apoio Técnico.;Informar na planilha o contrato da G4F e no ofício informar sobre a gestão da supervisão ser delega à SR noa portaria de fiscalização;22923068;23001481;23001686;;2025-11-12;;2025-11-13;Rebeca Braz Soares Fiameni;2025-11-12;Sim;Não;;
PROJETO;50600.033433/2019-79;2025-11-13;Assinado;Bruno;2025-11-20;SC;16 00192/2019;BR-163;Projetos;Análise do Projeto Executivo de Contenção - Contrato n.º 192/2019.;Encaminhamento para Empresa.;23000983;23007256;;;2025-11-14;;2025-11-14;Bruno Pimenta Resende;2025-11-13;Sim;Não;;
PROJETO;50611.003107/2022-11;2025-11-13;Assinado;Bruno;2025-11-20;MT;11 00159/2022;BR-158;Projetos;Relatórios de Análise;Encaminhamento para a empresa;23001192;23010940;;;2025-11-13;;2025-11-13;Bruno Pimenta Resende;2025-11-13;Sim;Não;;
ASSESSORIA COAC;50620.000222/2020-55;2025-11-13;Assinado;Gabrielle;2025-11-20;AL;-;-;DNIT/SRE;Alteração do SNV – Alienação da Travessia Urbana do Município de Messias/AL, correspondente a trecho compreendido entre o km 0,4 e km 3,2 (2,8 km de extensão) da Rodovia BR-101/AL.;Ciência quanto à alienação do trecho (cita o trecho alienado na BR-101/AL);22957877;23036167;;;2025-11-17;;2025-11-24;Gabrielle Afonso Pereira Nogueira;2025-11-14;Sim;Não;;
PROJETO;50600.027157/2025-58;2025-11-14;Assinado;Bruno;2025-11-21;MG;00 00277/2022;BR-135;Notificação;Descumprimento dos prazos fixados no Cronograma Físico-Financeiro para entrega de Projeto Básico/Executivo.;Verificar;23014415;23065398;;;2025-11-19;;2025-11-24;Bruno Pimenta Resende;2025-11-14;Sim;Não;;
ASSESSORIA COAC;50600.035316/2025-98;2025-11-14;Assinado;Gabrielle;2025-11-21;MA;-;-;Outros; Solicitação de conclusão das obras na Rodovia BR-010/MA.;Informar o contrato anterior e expôr status da licitação do remanescente e ainda solicitamos o envio para a SRE para avaliação da melhoria dos projetos.;22980562;23043591;;;2025-11-14;;2025-11-26;Gabrielle Afonso Pereira Nogueira;2025-11-14;Sim;Não;;
ASSESSORIA COAC;03002.001303/2025-84;2025-11-14;Assinado;Rebeca;2025-11-21;MS;19 00758/2023;BR-267;FALA-BR; COM PRAZO - Solicitação de informações - Lei de Acesso à Informação.;Responder o mesmo do doc anterior, mas apresentar os relatório de supervisão ;23018627;23042704;;;2025-11-17;;2025-11-21;Gabrielle Afonso Pereira Nogueira;2025-11-14;Sim;Não;;
PROJETO;50600.027428/2025-75;2025-11-17;Assinado;Bruno;2025-11-24;PR;09 00070/2022;BR-376;Notificação;Descumprimento dos prazos fixados no Cronograma Físico-Financeiro para entrega de Projeto Básico/Executivo.;Resposta;23029346;23084806;;;2025-11-21;;2025-11-26;Bruno Pimenta Resende;2025-11-17;Sim;Não;;
PROJETO;50606.000347/2025-78;2025-11-17;Assinado;Bruno;2025-11-24;MG;00 00619/2024;BR-381;Projetos;Relatório de Análise do Projeto n.º 311/2025 - Est. Tráfego (22944303);Ciência e Encaminhar para empresa;23032123;23087171;;;2025-11-21;23050222  1ª Versão;2025-11-24;Bruno Pimenta Resende;2025-11-17;Sim;Não;;
ASSESSORIA COAC;50600.036488/2025-89;2025-11-18;Assinado;Rebeca;2025-11-25;PA;-;-;Ministério;URGENTE - Integridade do backbone de redes da Telefônica Brasil - VIVO para a COP30, em Belém/PA.;Encmainhar para SR, visto ser unidade ficalizadora;23019967;23062316;;;2025-11-18;;2025-11-18;Gabrielle Afonso Pereira Nogueira;2025-11-18;Sim;Não;;
ASSESSORIA COAC;50001.111248/2025-20;2025-11-19;Assinado;Gabrielle;2025-11-26;-;-;-;FALA-BR;COM PRAZO - Solicitação de informações - Lei de Acesso à Informação.;Apenas informar que não cabe a essa coordenação historico de guarda de documentos.;23032497;23079310;;;2025-11-21;;2025-11-24;Gabrielle Afonso Pereira Nogueira;2025-11-19;Sim;Não;;
PROJETO;50600.037160/2024-07;2025-11-19;Assinado;Bruno;2025-11-26;BA;00 00392/2024;BR-030;Projetos;Relatórios de Análise dos Levantamentos Ambientais e dos Projetos Básico e Executivo de OAE – Contrato n.º 392/2024.;Encaminhamento de análises e ciência de projetos;23045186;23079941;23080375;;2025-11-21;;2025-11-24;Bruno Pimenta Resende;2025-11-21;Sim;Não;;
ASSESSORIA CGCONT;50601.002430/2025-21;2025-11-21;Assinado;Gabrielle;2025-11-28;AM;-;-;DNIT/SRE;Previsão de Empreendimentos SRE-AM.;Encaminhar ara a DPP deixando claro que não é competência da CGCONT.;23033836;23113550;;;2025-11-21;;2025-11-26;Gabrielle Afonso Pereira Nogueira;2025-11-21;Sim;Não;;
ASSESSORIA CGCONT;50600.035323/2025-90;2025-11-21;Assinado;Rebeca;2025-11-28;-;-;-;DNIT/SRE;COM PRAZO - 3ª edição do Manual de Gestão e Fiscalização de Contratos. Consulta Pública Interna.;"Marília orientou aguardar posicionamento da CGDESP (Portal), pois estava alinhada com ele.
Porém, Pitombeira solicitou dilação de prazo para análise e juntada de contribuição das setoriais.
Thiago pediu para juntar todas as contribuições da CGCONT. ";23062368;;;;2025-11-21;Pocesso concluído sem tratativas COAC.;2025-11-21;Rebeca Braz Soares Fiameni;2025-11-21;Não;Não;;
ASSESSORIA COAC;50600.035820/2025-98;2025-11-21;Assinado;Gabrielle;2025-11-28;BA;-;-;Ministério; Informações e procedimentos referentes à duplicação da BR-242/BA e ao acesso da Cargill Agrícola S.A.;Informar que não temos contrato vigente, que concessão não é com a gente, de que planejamento não é com a CGCONT e que o processo já está com a DPP;23068105;23088633;;;2025-11-21;;2025-11-28;Gabrielle Afonso Pereira Nogueira;2025-11-21;Sim;Não;;
ASSESSORIA COAC;50600.032208/2011-68;2025-11-21;Assinado;Gabrielle;2025-11-28;MT;-;-;DNIT/SRE;Atualização das informações das obras de Implantação e Melhoria Viária do Contorno Norte de Cuiabá.;"Envio da pendencia dos projetos para a DPP; e solicitação de informações para a DIR.";23062753;23124706;23128621;;2025-11-21;;2025-11-26;Gabrielle Afonso Pereira Nogueira;2025-11-21;Sim;Não;;
PROJETO;50609.002327/2021-88;2025-11-21;Assinado;Bruno;2025-11-28;PR;09 00070/2022;BR-376;Projetos;Contrato n.º 09 00070/2022 - Ciência de Cronograma- BR-376/PR.;Ciência;23082817;23088859;;;2025-11-21;;2025-11-24;Bruno Pimenta Resende;2025-11-21;Sim;Não;;
ASSESSORIA COAC;50600.037037/2025-69;2025-11-21;Assinado;Maria Júlia;2025-11-28;PA;-;-;Parlamentares;Reivindicação de pavimentação e recuperação das estradas que ligam Oeiras do Pará à BR-422/PA.;Informar que não existe contrato ativo na BR-422/PA e acessos.;23074853;23130610;;;2025-11-21;;2025-11-28;Maria Júlia de Miranda Fiel dos Santos;2025-11-21;Sim;Não;;
ASSESSORIA COAC;50600.025905/2024-87;2025-11-21;Assinado;Gabrielle;2025-11-28;-;-;-;ANTT; Estruturação de Estudos Técnicos para Concessões Rodoviárias.;Informamos que já tinhamos informado sobre os trechos.;23087669;23102025;;;2025-11-21;;2025-11-24;Gabrielle Afonso Pereira Nogueira;2025-11-21;Sim;Não;;
PROJETO;50609.004210/2023-09;2025-11-21;Assinado;Bruno;2025-11-28;PR;09 00397/2021;BR-487;Projetos;"Ofício nº 307889/2025/COAC/CGCONT/DIR/DNIT SEDE -
Encaminhamento de Relatórios de Análise – BR-487/PR.";Ciência da carta 41 e verificar se encaminhamos para a DPP as outras cartas;23088968;23112414;;;2025-11-24;;2025-11-26;Bruno Pimenta Resende;2025-11-24;Sim;Não;;
PROJETO;50600.027265/2025-21;2025-11-24;Assinado;Bruno;2025-12-01;MT;11 00209/2025;BR-158;Notificação;Descumprimento dos prazos fixados no Cronograma Físico-Financeiro para entrega de Projeto Básico/Executivo.;Notificar devido cronograma referencial.;;23111309;;;2025-11-25;;2025-12-05;Bruno Pimenta Resende;2025-11-24;Sim;Não;;
ASSESSORIA COAC;50600.037075/2025-11;2025-11-24;Assinado;Gabrielle;2025-12-01;-;-;-;Outros;Solicitação de acervo de fotos/imagens para exposição fotográfica comemorativa aos 15 anos da ANETRAMS.;Respondemos dizendo sobre a falta de guarda de fotos.;23105801;23107125;;;2025-11-24;;2025-11-25;Gabrielle Afonso Pereira Nogueira;2025-11-24;Sim;Não;;
PROJETO;50603.000829/2024-77;2025-11-25;Assinado;Bruno;2025-12-02;CE;03 00077/2024;BR-116;Projetos;Entrega de Projetos;Como está sendo feito a tratativa com o pessoal da adutora é regional e eles são unidade fiscalizadora para solução. Outro documento.;23102739;23124240;;;2025-11-25;23112047 - 1ª Versão;2025-11-25;Bruno Pimenta Resende;2025-11-25;Sim;Não;;
ASSESSORIA COAC;50600.035835/2023-94;2025-11-12;Assinado;Gabrielle;2025-11-19;MS;-;-;Outros;"Convênio de Delegação nº 7/2024 celebrado entre o Estado de Mato Grosso do Sul e a União para Concessão de Trechos das Rodovias Federais BR-262/MS e BR-267/MS.
  ";Dar ciência da publicação do termo.;22957006;23112747;;;2025-11-25;;2025-11-26;Gabrielle Afonso Pereira Nogueira;2025-11-25;Sim;Não;;
PROJETO;50606.000347/2025-78;2025-11-25;Assinado;Bruno;2025-12-02;MG;00 00619/2024;BR-381;Projetos;"Encaminhamento do Estudos Geotécnicos da Rodovia BR-381/MG – Lote 8A 
";Ciência;23115260;23127338;;;2025-11-26;;2025-11-26;Bruno Pimenta Resende;2025-11-26;Sim;Não;;
PROJETO;50610.005571/2020-82;2025-11-26;Assinado;Bruno;2025-12-03;RS;10 00821/2019;BR-116;Projetos;Análise do Projeto Básico/Executivo de OAE - Viaduto de Acesso à Fronteira Oeste - Rodovia BR-116/RS - Contrato n.º 821/2019.;Verificar;23114811;23127528;23127538;;2025-11-26;;2025-11-26;Bruno Pimenta Resende;2025-11-26;Sim;Não;;
ASSESSORIA COAC;50613.000439/2018-30;2025-11-27;Assinado;Rebeca;2025-12-27;PB;13 00938/2017;BR-230;Notificação;Análise das justificativas do Consórcio LCM/CCL/PRODEC pelo descumprimento do então Cronograma Físico-Financeiro (21419417) do Contrato 0938/2017.;Responder com padrão sobre ser a SR a abrir o PAAR, visto que a análise é referente à cronograma de obra;23148010;23295700;;;2025-12-11;23246505 - documento excluído, pois estava errrado;2026-01-02;Rebeca Braz Soares Fiameni;2025-11-28;Sim;Não;;
PROJETO;50606.003862/2025-18;2025-11-28;Assinado;Bruno;2025-12-05;MG;00 00041/2025;BR-381;Projetos;Encaminhamento do Plano de Contagem de Tráfego da Rodovia BR-381/MG – Lote 8B;Ciência de projeto. Encaminhamento de análise para empresa.;23150567;23179249;23182802;;2025-12-02;;2025-12-05;Bruno Pimenta Resende;2025-12-01;Sim;Não;;
PROJETO;50600.003198/2025-59;2025-11-28;Assinado;Bruno;2025-12-05;PA;02 00261/2024;BR-230;Projetos;Relatório de Análise do Projeto 870/2025/STE-Simemp (SEI! n.º 22880030);Encaminhamento de Termo de Aceite para a empresa.;23137343;23179818;;;2025-12-02;;2025-12-04;Bruno Pimenta Resende;2025-12-01;Sim;Não;;
PROJETO;50603.000829/2024-77;2025-11-28;Assinado;Bruno;2025-12-05;CE;03 00077/2024;BR-116;Projetos;Resposta ao Ofício 308936/2025/SEPLAN – COENGE – CE/COENGE – CAF-CE/SER-CE;Verificar;23157062;23180460;23180545;;2025-12-02;;2025-12-04;Bruno Pimenta Resende;2025-12-01;Não;Não;;
PROJETO;50600.037160/2024-07;2025-12-01;Assinado;Bruno;2025-12-08;BA;00 00392/2024;BR-030;Projetos;Emissão de Termo de Aceite - Estudos Hidrológicos do Contrato n.º 0392/2024 (BR-030/BA - Lote 2).;Ciência de projetos e encaminhamento de análise para a empresa;23139824;23182201;;;2025-12-02;;2025-12-04;Bruno Pimenta Resende;2025-12-01;Sim;Não;;
PROJETO;50600.023451/2025-91;2025-12-01;Assinado;Bruno;2025-12-08;RS;00 00375/2024;BR-116;Projetos;Emissão de Termo de Aceite - rodovia  BR-116/RS - Contrato n.º 375/2024.;Encaminhamento para a empresa de Termo de Aceite;23140237;23183213;;;2025-12-02;;2025-12-04;Bruno Pimenta Resende;2025-12-01;Sim;Não;;
ASSESSORIA COAC;50001.120011/2025-30;2025-11-28;Assinado;Gabrielle;2025-12-05;RS;-;-;FALA-BR;Solicitação de informações - Lei de Acesso à Informação. (cidadão querendo confirmar fala do ministro).;Apresentamos que não há contratos ativos no trecho e que no momento não temos nada na PLOA 2026 sobre o assunto.;23126001;23153169;;;2025-12-01;;2025-12-01;Rebeca Braz Soares Fiameni;2025-12-01;Não;Não;;
ASSESSORIA CGCONT;50609.002767/2025-69;2025-10-30;Assinado;Gabrielle;2025-11-06;-;-;-;Outros;Projeto e orçamento de deslocamento de rede elétrica.;"Comecei a fazer o documento, mas não consegui terminar.
A obra não tem contrato ainda, mas já tem ação orçamentária 7242. Vê com o pessoal do financeiro, mas o Thiago orientou informar LOA/2026 foi aprovada (verificar o que haverá de dotação 2026 para a ação) e que o valor poderá ser usado ano que vem. Entende com a Rafaella, como é a logística, pra poder escrever.";22857153;;;;2025-12-01;Processo passado pra Rafaela - orçamento;2025-12-01;Gabrielle Afonso Pereira Nogueira;2025-12-01;Não;Não;;
PROJETO;50620.001599/2025-36;2025-12-01;Assinado;Bruno;2025-12-08;AL;-;-;Projetos;Relatório de Análise do Projeto Executivo de OAE (Contenções) – Contrato n.º 580/2022 – rodovias BR-424-316/AL.;Verificar com a Marília se encaminha para a DPP ou comente ciência.;23167940;23180098;;;2025-12-02;;2025-12-04;Bruno Pimenta Resende;2025-12-02;Sim;Não;;
PROJETO;50606.000347/2025-78;2025-12-01;Assinado;Rebeca;2025-12-08;MG;00 00619/2024;BR-381;Projetos;Relatório de Análise dos Projetos Executivos de Topografia e Geometria - BR-381/MG (Lote 8A).;"Ciência de projetos e análises. 
Verificar sobre o Ofício 323907 (SEI nº 23148127), precisa ler e entender pra explicar para a Marília, pois os Estudos de Traçado foram aprovados de acordo com o Geométrico que não vai alterar o traçado. Se for isso, somente tirar o amarelo do texto e atualizar a planilha pro BI.";23148127;23192303;;;2025-12-02;;2025-12-17;Bruno Pimenta Resende;2025-12-02;Sim;Não;;
PROJETO;50600.003589/2022-21;2025-12-01;Assinado;Bruno;2025-12-08;PA;00 00011/2021;BR-230;Projetos;Emissão de Termos de Aceite para a Ponte sobre o Rio Xingu na BR-230/PA.;Ciência e encaminhamento de análises à empresa.;23141389;23192985;23193515;;2025-12-02;;2025-12-04;Bruno Pimenta Resende;2025-12-02;Sim;Não;;
PROJETO;50600.033430/2025-83;2025-12-02;Assinado;Rebeca;2025-12-09;MS;19 00758/2023;BR-267;Notificação;Descumprimento dos prazos fixados no Cronograma Físico-Financeiro para entrega de Projeto Básico/Executivo, referente ao Contrato nº 19.00758/2023 - BR-267/MS;Verificar com a Marília sobre o processo 50619.001145/2018-75 que está restrito. e ver como escrever sobre as aduanas(Centro de Controle de Fronteira).;23177476;23204302;;;2025-12-03;;2025-12-18;Rebeca Braz Soares Fiameni;2025-12-02;Sim;Não;;
PROJETO;50619.000790/2024-19;2025-12-02;Assinado;Bruno;2025-12-09;MS;19 00758/2023;BR-267;Projetos;Atendimento às exigências do Ofício-Circular n.º 4149/2024/DIR/DNIT SEDE - Protocolo de PB/PE de Pavimentação - Versão 00.;Ciência e encaminhamento de análises;23191523;23203440;;;2025-12-03;;2025-12-04;Bruno Pimenta Resende;2025-12-02;Sim;Não;;
ASSESSORIA COAC;50600.037903/2025-11;2025-12-03;Assinado;Maria Júlia;2025-12-10;SC;-;-;ANTT;Informações acerca dos EVTEA para a concessão do Lote 3 de Santa Catarina.;Informar que não há contrato vigente e apresentar informações quanto ao empreendimento PAC obra.;23145560;23205034;;;2025-12-16;;2025-12-18;Rebeca Braz Soares Fiameni;2025-12-03;Sim;Não;;
ASSESSORIA COAC;50600.038030/2025-64;2025-12-03;Assinado;Maria Júlia;2025-12-10;SC;-;-;ANTT; Informações acerca dos EVTEA para a concessão do Lote 1 de Santa Catarina.;Informar se há contrato vigente e quanto ao PAC obra, caso haja;23151711;23390021;;;2025-12-18;;2025-12-22;Rebeca Braz Soares Fiameni;2025-12-03;Sim;Não;;
ASSESSORIA COAC;50600.038321/2025-52;2025-12-03;Assinado;Maria Júlia;2025-12-10;RS;-;-;ANTT;Informações acerca dos EVTEA para a concessão do sistema rodoviário Rota Portuária do Sul - BR-116/392/RS.;Informar quanto aos contratos vigentes e verificar com a Marília se inserimos algo sobre as tratativas com a antiga concessionária.;23176645;23390004;;;2025-12-18;;2025-12-22;Rebeca Braz Soares Fiameni;2025-12-03;Sim;Não;;
ASSESSORIA COAC;50600.038326/2025-85;2025-12-03;Assinado;Gabrielle;2025-12-10;PA;-;-;Outros;Solicitação de Asfaltamento e recuperação das rodovias BR-230/PA (Transamazônica) e BR-163/PA.;Informar quanto aos contratos vigente e status de futuras contratações. Verificar o que já respondemos sobre essas rodovias (230/PA e 163/PA) ;23176491;23214176;;;2025-12-11;;2025-12-17;Rebeca Braz Soares Fiameni;2025-12-03;Sim;Não;;
PROJETO;50609.004210/2023-09;2025-12-03;Assinado;Bruno;2025-12-10;PR;09 00397/2021;BR-487;Projetos;Revisão do Projeto Executivo Geométrico.;Encaminhamento de análise para a empresa e ciência de projeto.;23204544;23210753;23210842;;2025-12-04;;2025-12-04;Bruno Pimenta Resende;2025-12-04;Sim;Não;;
ASSESSORIA COAC;50600.035161/2025-90;2025-12-04;Assinado;Maria Júlia;2025-12-11;-;-;-;DNIT/SRE;COM PRAZO - Levantamento sobre a natureza dos contratos de Supervisão, Gerenciamento e Apoio Técnico.;Levantamento de informação dos contratos de supervisão, de acordo com modelo apresentado no processo;23190654;23381676;23381665;;2025-12-04;;2025-12-23;Bruno Pimenta Resende;2025-12-04;Sim;Não;;
ASSESSORIA CGCONT;50600.038857/2025-78;2025-12-04;Assinado;Rebeca;2025-12-11;-;-;-;Outros;COM PRAZO - Solicitação de informações. Ofício 01/2025 - AudRodoviaAviação (SEI n.º 23191825). TC 021.565/2025-2. Fiscalização Programa 3106 – Transporte Rodoviário.;Subsidiar documentos ao jurídico;23201672;23689955;;;2026-01-28;"23691031 - Planilha modelo - CGCONT
23691053 - Planilha contratos vigente";2026-01-28;Rebeca Braz Soares Fiameni;2025-12-04;Sim;Não;;
PROJETO;50619.000790/2024-19;2025-12-02;Assinado;Rebeca;2025-12-09;MS;19 00758/2023;BR-267;Projetos;Contrato nº 19 00758/2023 - Encaminhamento de Análise - BR-267/MS.;Encaminhamento pra empresa;23191523;23203430;;;2025-12-04;;2025-12-23;Rebeca Braz Soares Fiameni;2025-12-05;Sim;Não;;
PROJETO;50611.003107/2022-11;2025-12-05;Assinado;Rebeca;2025-12-12;MT;11 00159/2022;BR-158;Projetos;Inclusão de Carta referente à Análise dos Projetos Referentes ao Contrato n.º 159/2022.;Ciência de projetos e encaminhamento de análise para a empresa.;23203272;23236779;23236781;;2025-12-05;;2025-12-22;Rebeca Braz Soares Fiameni;2025-12-05;Sim;Não;;
PROJETO;50600.042572/2024-51;2025-12-05;Assinado;Gabrielle;2025-12-12;TO;00 00958/2024;BR-226;Projetos;Análise de projetos - Contrato n.º 958/2024.;Ciência sobre o oficio da DPP em relação as tratativas dos projetos que foram encaminhados. ;23204028;23249373;;;2025-12-11;;2025-12-23;Rebeca Braz Soares Fiameni;2025-12-05;Sim;Não;;
PROJETO;50600.037160/2024-07;2025-12-08;Assinado;Bruno;2025-12-15;BA;00 00392/2024;BR-030;Projetos;Resposta ao Ofício n.º 316124/2025.;Ciência dos projetos e cartas e encaminhamento de análise para a empresa.;23248043;23448121;23448718;;2025-12-30;1ª Versão - 23301391;2025-12-30;Bruno Pimenta Resende;2025-12-09;Sim;Não;;
PROJETO;50600.027198/2025-44;2025-12-08;Assinado;Bruno;2025-12-15;CE;03 00077/2024;BR-116;Notificação;Descumprimento dos prazos fixados no Cronograma Físico-Financeiro para entrega de Projeto Básico/Executivo.;Enviar a SR a questão dela ter que seguir com a negociação do cronograma e nos avisar quando os trâmites chegarem ao fim.;23245196;23256166;;;2025-12-30;;2025-12-30;Bruno Pimenta Resende;2025-12-09;Sim;Não;;
ASSESSORIA COAC;50600.039262/2025-30;2025-12-10;Assinado;Gabrielle;2025-12-17;MG;00 00403/2022;BR-367;Outros;COM PRAZO - Solicitação de Informação - Pavimentação asfáltica da rodovia BR-367/MG.;Informações quanto ao contrato ;23245712;23273354;;;2025-12-16;;2025-12-17;Rebeca Braz Soares Fiameni;2025-12-10;Sim;Não;;
PROJETO;50619.000790/2024-19;2025-12-09;Assinado;Gabrielle;2025-12-16;MS;19 00758/2023;BR-267;Projetos;Encaminhamento de Análise - Projeto de Componente Ambiental e Paisagismo -Versão Revisada 02 - Contrato n.º 758/2023 - Atendimento às exigências do Ofício-Circular n.º 4149/2024/DIR/DNIT SEDE.;Ciência para a DIR.;23262081;23271796;;;2025-12-17;;2025-12-23;Rebeca Braz Soares Fiameni;2025-12-10;Sim;Não;;
ASSESSORIA CGCONT;50600.006897/2024-70;2025-12-10;Assinado;Rebeca;2025-12-17;MG;00 00619/2024;BR-381;DNIT/SRE;Solicitação de Cronograma físico-financeiro detalhado;Elaboração de documento para solicitação de informações financeiras do contrato, com atualização do cronograma;00000000;23281250;;;2025-12-10;;2025-12-10;Rebeca Braz Soares Fiameni;2025-12-11;Sim;Não;;
ASSESSORIA CGCONT;50600.014788/2024-26;2025-12-10;Assinado;Rebeca;2025-12-17;MG;00 00041/2025;BR-381;DNIT/SRE;Solicitação de Cronograma físico-financeiro detalhado;Atualização do cronograma físico-financeiro;00000000;23281898;;;2025-12-10;;2025-12-10;Rebeca Braz Soares Fiameni;2025-12-11;Sim;Não;;
ASSESSORIA COAC;50600.032064/2025-45;2025-12-11;Assinado;Gabrielle;2025-12-18;SC;16 00192/2019;BR-163;Parlamentares;COM PRAZO - Solicitação de informações sobre as obras de adequação da rodovia BR-163/SC, com destaque para o viaduto de Guaraciaba.;Responder de forma genérica, informando que esta Autarquia faz a divulgação dos dados da obra pelo canais X e Y. E também verificar algum texto padrão usando pela CGCOM, informando das restrições da LGPD.;23277042;23294827;;;2025-12-17;;2025-12-19;Rebeca Braz Soares Fiameni;2025-12-11;Sim;Não;;
ASSESSORIA COAC;50600.006415/2025-62;2025-12-12;Assinado;Gabrielle;2025-12-19;RS;-;-;Projetos;Ponte Internacional de Porto Xavier/San Javier – Lapso entre conclusão da ponte e das obras do Complexo Integrado de Fronteira.;Basear a resposta pelo nosso doc anterior 22328228. ;23271645;23448721;;;2025-12-12;;2025-12-12;Rebeca Braz Soares Fiameni;2025-12-12;Sim;Não;;
ASSESSORIA CGCONT;50600.025864/2025-18;2025-12-15;Assinado;Rebeca;2025-12-15;-;-;-;Outros;Atualização de informações – Mensagem Presidencial de 2026;Atualização das informações solicitadas de execução física/entregas;23313908;23322572;23324688;;2025-12-15;;2025-12-15;Rebeca Braz Soares Fiameni;2025-12-15;Sim;Não;;
PROJETO;50603.000829/2024-77;2025-12-17;Assinado;Bruno;2025-12-24;CE;03 00077/2024;BR-116;Projetos;Contrato nº 03 00077/2024 - Ciência de projetos e análises - BR-116/CE.;Ciência de análise e projetos e encaminhamento de análises á empresa.;23276144;23452734;23452742;;2025-12-30;"1ª Versão - 23425581
1ª Versão - 23428574";2025-12-30;Bruno Pimenta Resende;2025-12-17;Sim;Não;;
PROJETO;50606.000238/2023-99;2025-12-17;Assinado;Bruno;2025-12-24;MG;00 00277/2022;BR-135;Projetos;Contrato nº 277/2022 - Consórcio BR-135/MG (LCM/Ápia/Hollus).;Encaminhamento de análises e Termo de Aceite e ciência de documentos.;23281365;23471782;23474383;;2026-01-05;;2026-01-06;Bruno Pimenta Resende;2025-12-17;Sim;Não;;
PROJETO;50604.001490/2023-35;2025-12-17;Assinado;Maria Júlia;2025-12-24;PE;04 00260/2021;BR-423;Projetos;Emissão de termo de aceite, concernente ao projeto básico e executivo e execução das obras de duplicação/adequação/restauração da rodovia BR-423/PE.;Ciência dos termos de aceite.;23279846;23527085;;;2026-01-09;;2026-01-13;Bruno Pimenta Resende;2025-12-17;Sim;Não;;
PROJETO;50609.001700/2014-54;2025-12-17;Assinado;Bruno;2025-12-24;PR;09 00397/2021;BR-487;Projetos;Ofício nº 239508/2025/COAC/CGCONT/DIR/DNIT SEDE (SEI 22357314) (SEI 22981756);"Responder no padrão de notificação, solicitando que a SR analise e repactue o cronograma.
Verificar se está de acordo. Cobrando o cronograma da contratada e aprovado pela SRE.";23296840;23476740;;;2026-01-06;;2026-01-08;Bruno Pimenta Resende;2025-12-17;Sim;Não;;
ASSESSORIA COAC;50600.006415/2025-62;2025-12-17;Assinado;Gabrielle;2025-12-24;RS;00 00246/2025;BR-392;Ministério;Ponte Internacional de Porto Xavier/San Javier – Lapso entre conclusão da ponte e das obras do Complexo Integrado de Fronteira.;Encaminhar para a superintendência com decisão anterior, onde a fiscalização deve ajustar com a empresa, já que o contrato foi assinado;23271645;23448721;;;2025-12-17;;2026-01-02;Rebeca Braz Soares Fiameni;2025-12-17;Sim;Não;;
ASSESSORIA COAC;50609.003765/2025-97;2025-12-17;Assinado;Gabrielle;2025-12-24;PR;-;-;Outros;Atualização cadastral dos Sistemas Referenciais e Alteração de mapa da Malha Viária Federal do Município de Tunas do Paraná.;Informar que não existem contratos ativos no trecho da BR que passa pelo município.;23314027;23397874;;;2025-12-17;;2025-12-30;Gabrielle Afonso Pereira Nogueira;2025-12-17;Não;Não;;
ASSESSORIA COAC;50619.001145/2018-75;2025-12-18;Assinado;Rebeca;2025-12-25;MS;19 00758/2023;BR-267;Ministério;COM PRAZO - Implantação e a operação das instalações aduaneiras - Contrato nº 758/2023 - Ponte Internacional Porto Murtinho;Histórico de discussões sobre a implantação da aduana. Fabio solicita apresentação do e-mial da DIR informando que não vai atender o Governo do Paraguai;00000000;23364804;;;2025-12-18;;2025-12-18;Rebeca Braz Soares Fiameni;2025-12-18;Sim;Não;;
PROJETO;50600.007228/2025-04;2025-12-18;Assinado;Rebeca;2025-12-25;BA;00 00379/2024;BR-116;Projetos;Assunto: Emissão de Termo de Aceite Contrato n.º 379/2024 - BR-116/BA;Encaminhamento de termo de aceite ao Consórcio;23348795;23395998;;;2025-12-22;;2025-12-22;Rebeca Braz Soares Fiameni;2025-12-22;Sim;Não;;
PROJETO;50621.000745/2025-04;2025-12-17;Assinado;Rebeca;2025-12-24;SE;21 00259/2025;BR-101;Projetos;Assunto: Ciência - Publicação da portaria de aprovação do Projeto Executivo da rodovia BR-101/SE.;Encaminhamento da portaria de aprovação do projeto executivo para o Consórcio;23320029;23396723;;;2025-12-23;;2025-12-24;Rebeca Braz Soares Fiameni;2025-12-22;Sim;Não;;
ASSESSORIA COAC;50621.001072/2023-30;2025-12-16;Assinado;Rebeca;2025-12-23;SE;21 00259/2025;BR-101;DNIT/SRE;Assunto: Ciência - Emissão da Ordem de Início de Serviço das obras na rodovia BR-101/SE.;Dar ciência e concluir processo;23323889;23397429;;;2025-12-22;;2025-12-22;Rebeca Braz Soares Fiameni;2025-12-22;Sim;Não;;
ASSESSORIA COAC;50600.041446/2025-60;2025-12-22;Assinado;Rebeca;2025-12-29;AM;-;-;Parlamentares;Assunto: Vereador Fernando dos Reis Gerhard, da Câmara Municipal de Apuí, requer análise e adoção de providências, em caráter de urgência, relativas à rodovia BR-230/AM, no estado do Amazonas.;Informar a inexistência de contrato no trecho;23373298;23398290;;;2025-12-22;;2025-12-22;Rebeca Braz Soares Fiameni;2025-12-22;Sim;Não;;
ASSESSORIA COAC;50600.041121/2025-87;2025-12-22;Assinado;Gabrielle;2025-12-29;BA;-;-;Parlamentares;Assunto: Solicitação de doação/cessão de fresas asfálticas para serviços de infraestrutura viária no Município de Candeias/BA. ;Verificar com a Marília. Mas o Otávio sugeriu apenas informar que este tipo de solicitação não é nossa competência. Mas eu acho que seria interessante também infomrar que a localização não ficou bem informada, ponto principal que não viabiliza uma resposta.;23336466;23440879;;;2025-12-22;;2025-12-30;Gabrielle Afonso Pereira Nogueira;2025-12-22;Não;Não;;
PROJETO;50609.004210/2023-09;2025-12-22;Assinado;Bruno;2025-12-29;PR;09 00397/2021;BR-487;Projetos;Inclusão de documentos ao processo;Ciência de projetos;23331150;23478573;;;2026-01-05;;2026-01-05;Bruno Pimenta Resende;2025-12-22;Sim;Não;;
PROJETO;50603.000483/2023-26;2025-12-22;Assinado;Bruno;2025-12-29;CE;03 00077/2024;BR-116;Projetos;Inclusão de documentos.;Dar ciência quanto à entrega do Relatório Preliminar de Avaliação Ambiental e das cartas referentes ao Plano de Ataque e Cronograma das Obras.;23340846;23430632;;;2025-12-30;;2025-12-30;Bruno Pimenta Resende;2025-12-22;Sim;Não;;
PROJETO;50619.000790/2024-19;2025-12-22;Assinado;Bruno;2025-12-29;MS;19 00758/2023;BR-267;Projetos;Assunto: Atendimento às exigências do Ofício-Circular n.º 4149/2024/DIR/DNIT SEDE - Protocolo de PB/PE de Drenagem e OACs - Versão Revisada 02.;Verificar;23376269;23481309;23482358;;2026-01-06;;2026-01-08;Bruno Pimenta Resende;2025-12-22;Sim;Não;;
PROJETO;50600.015748/2024-00;2025-12-22;Assinado;Rebeca;2025-12-29;AL;00 00057/2024;BR-349;Projetos;Emissão de Termo de Aceite - Contrato n.º 57/2024 - rodovia BR-349/AL/SE.;"Encaminhamento do termo de aceite ao Consórcio.
Sugerir encaminhamento para a DPP de projeto ambiental.";23395786;23400754;23400858;;2025-12-22;;2025-12-22;Rebeca Braz Soares Fiameni;2025-12-22;Sim;Não;;
ASSESSORIA COAC;50600.025864/2025-18;2025-12-26;Assinado;Gabrielle;2026-01-02;-;-;-;Ministério; Mensagem Presidencial de 2026 - MP2026 - Atualização de dados quantitativos.;Atualizar quantitativos de acordo com comentários realizados por Rebeca, no próprio doc (salvo Drive - pasta assessoria - Anexo_10686451_III___Programa_Transporte_Rodoviario___MP2026 - R2);23417837;23478229;;;2025-12-26;;2026-01-05;Gabrielle Afonso Pereira Nogueira;2025-12-26;Não;Não;;
ASSESSORIA COAC;50001.136759/2025-54;2025-12-24;Assinado;Gabrielle;2025-12-31;AL;00 00057/2024;BR-349;FALA-BR;COM PRAZO - Solicitação de informações - Lei de Acesso à Informação.;Otávio orientou a não dar acesso ao processo, e sim anexar os estudos que estão sendo solicitados, que vão estar no processo de projeto da Ponte de Penedo;23410239;23436358;23436883;;2025-12-26;;2025-12-29;Gabrielle Afonso Pereira Nogueira;2025-12-26;Não;Não;;
ASSESSORIA COAC;50600.028002/2025-39;2025-12-24;Assinado;Maria Júlia;2025-12-31;-;-;-;Outros;Solicitação de informações relacionadas à rodovia BR-235 TO/MA/BA, região do Matopiba.;Complementar a informação anterior com os detalhes que estão sendo pedidos. Seria bom avaliar com a Marília se não é interessante sugerir encaminhar à SR, para complementação mais detalhada.;23406229;23487406;;;2025-12-26;;2026-01-13;Maria Júlia de Miranda Fiel dos Santos;2025-12-26;Sim;Não;;
PROJETO;50606.000347/2025-78;2025-12-18;Assinado;Bruno;2025-12-25;MG;00 00619/2024;BR-381;Projetos;Encaminhamento do Projeto de Componente Ambiental e Paisagismo – Rev. A da Rodovia BR-381/MG – Lote 8A ;Ciência de projetos e análises;23362895;23460283;;;2025-12-31;;2026-01-02;Bruno Pimenta Resende;2025-12-29;Sim;Não;;
ASSESSORIA COAC;50600.025905/2024-87;2025-12-29;Assinado;Gabrielle;2026-01-05;BA;00 00379/2024;BR-116;Ministério;Estruturação de Estudos Técnicos para Concessões Rodoviárias.;Informar sobre situação atual do referido contrato, o eventual andamento das obras no segmento e seu cronograma.;23431997;23441921;;;2026-01-21;;2026-01-21;Gabrielle Afonso Pereira Nogueira;2025-12-29;Não;Não;;
PROJETO;50600.015633/2025-98;2025-12-29;Assinado;Bruno;2026-01-05;PE;04 00260/2021;BR-423;Notificação;Descumprimento dos prazos fixados no Cronograma Físico-Financeiro para entrega de Projeto Básico/Executivo.;Verificar;23323769;23485043;;;2026-01-06;;2026-01-08;Bruno Pimenta Resende;2025-12-29;Sim;Não;;
PROJETO;50600.007228/2025-04;2025-12-31;Assinado;Bruno;2026-01-07;BA;00 00379/2024;BR-116;Projetos;Análise dos Estudos Topográficos  - Contrato n.º 379/2024 - BR-116/BA.;Verificar;23453349;;;;2025-12-31;;2026-01-02;Bruno Pimenta Resende;2025-12-31;Sim;Não;;
PROJETO;50610.007569/2025-52;2025-12-31;Assinado;Bruno;2026-01-07;RS;10 00821/2019;BR-116;Projetos;Emissão de Termo de Aceite - Contrato n.º 821/2019.;Encaminhamento de termos de aceite a empresa e ciência de projetos e análises.;23454325;23488261;23489432;;2026-01-06;;2026-01-08;Bruno Pimenta Resende;2025-12-31;Sim;Não;;
ASSESSORIA COAC;50600.042243/2025-91;2025-12-29;Assinado;Gabrielle;2026-01-05;-;-;-;Outros;COM PRAZO - Atualização das bases de dados de obras paralisadas.;Base de dados Supra. Inserirndo novas e atualizando base enviada pela Casa Civil.;23438512;23704909;23704922;;2026-01-05;;2026-01-30;Gabrielle Afonso Pereira Nogueira;2026-01-05;Não;Não;;
PROJETO;50610.004452/2024-36;2026-01-06;Assinado;Bruno;2026-01-13;RS;10 00821/2019;BR-116;Projetos;Emissão de Termo de Aceite - Contrato n.º 821/2019 (BR-116/RS).;Verificar;23465107;23494800;23495118;;2026-01-07;;2026-01-08;Bruno Pimenta Resende;2026-01-06;Sim;Não;;
ASSESSORIA COAC;50600.042767/2025-81;2026-01-06;Assinado;Gabrielle;2026-01-13;-;-;-;Outros;Melhorias na rodovia BR-153.;Informar sobre contratos no trecho, caso não haja nada falar sobre a questão de planejamento não ser nosso ;23477010;23494913;;;2026-01-06;;2026-01-08;Gabrielle Afonso Pereira Nogueira;2026-01-06;Sim;Não;;
ASSESSORIA COAC;50001.000059/2026-11;2026-01-06;Assinado;Gabrielle;2026-01-13;-;-;-;FALA-BR;"PRAZO: 19/01
Solicitação de informações - Lei de Acesso à Informação.";"Duas linhas de pensamento: seguimos a diretriz de não dizer que é nosso e não temos essas informações. 
Ou mandamos para a SR.";23485930;23495900;;;2026-01-06;;2026-01-09;Gabrielle Afonso Pereira Nogueira;2026-01-06;Não;Não;;
ASSESSORIA COAC;50600.049840/2022-01;2026-01-06;Assinado;Gabrielle;2026-01-07;-;-;-;Ministério;"Acompanhamento da Execução Impositiva das Despesas Discricionárias.

 ";Marília solicitou a dilação de prazo baseado na IN sobre as medições. ;23485553;23488623;;;2026-01-06;;2026-01-07;Gabrielle Afonso Pereira Nogueira;2026-01-06;Sim;Não;;
ASSESSORIA COAC;50001.139796/2025-14;2026-01-07;Assinado;Gabrielle;2026-01-14;-;-;-;FALA-BR;Solicitação de informações - Lei de Acesso à Informação.;Ver se há contratos no trecho. ;23491544;23494171;;;2026-01-07;Não foi cadastrado no SIMA;2026-01-08;Gabrielle Afonso Pereira Nogueira;2026-01-07;Não;Não;;
PROJETO;50603.000829/2024-77;2026-01-08;Assinado;Bruno;2026-01-15;CE;03 00077/2024;BR-116;Projetos; Projeto Executivo de Obras Complementares;Ciência;23502802;23520339;;;2026-01-09;;2026-01-13;Bruno Pimenta Resende;2026-01-08;Sim;Não;;
ASSESSORIA COAC;50001.002359/2026-27;2026-01-09;Assinado;Gabrielle;2026-01-16;-;-;-;FALA-BR;"Solicitação de informações - Lei de Acesso à Informação. 
relativos ao projeto de transporte intermodal do Vale do Parnaíba, que envolve infraestrutura rodoviária, hidroviária e ferroviária, destinado à interligação entre o Vale do Parnaíba e o Porto";Pedir para o solicitante indicar emial válido para acesso aos processos.;23512848;23633423;;;2026-01-09;Processo na caixa da marília;2026-01-09;Gabrielle Afonso Pereira Nogueira;2026-01-09;Não;Não;;
PROJETO;50600.037160/2024-07;2026-01-13;Assinado;Bruno;2026-01-20;BA;00 00392/2024;BR-030;Projetos;Emissão de Termo de Aceite - Contrato n.º 392/2024 - Lote 2 - rodovia BR-030/BA.;Encaminhamento de análises para a empresa e encaminhamento de cara para a SR.;23540487;23569871;23570113;;2026-01-15;;2026-01-15;Bruno Pimenta Resende;2026-01-13;Sim;Não;;
PROJETO;50606.003862/2025-18;2026-01-14;Assinado;Bruno;2026-01-21;MG;00 00041/2025;BR-381;Projetos;Encaminhamento dos Estudos Geológicos Rev. A e RMA;Ciência e Encaminhamento a DPP;23551825;23572515;23572720;;2026-01-15;;2026-01-15;Bruno Pimenta Resende;2026-01-14;Sim;Não;;
PROJETO;50600.023451/2025-91;2026-01-14;Assinado;Bruno;2026-01-21;RS;00 00375/2024;BR-116;Projetos;Entrega do Relatório do Projeto Básico de Obras de Arte Especiais;Encaminhamento;23551902;23576939;;;2026-01-15;;2026-01-15;Bruno Pimenta Resende;2026-01-14;Sim;Não;;
PROJETO;50600.042399/2025-71;2026-01-14;Assinado;Bruno;2026-01-21;PR;-;-;Projetos;As Built das Aduanas e Linha Geral;Encaminhar para SR/PR;23438469;23558532;;;2026-01-14;;2026-01-14;Bruno Pimenta Resende;2026-01-14;Sim;Não;;
ASSESSORIA COAC;50600.002599/2024-19;2026-01-13;Assinado;Gabrielle;2026-01-20;-;-;-;Outros;Indicadores do Planejamento Estratégico Institucional (PEI-DNIT).;Preencher planilha e redigir ofício com justificativa ;23545594;23561485;23561501;;2026-01-14;;2026-01-14;Gabrielle Afonso Pereira Nogueira;2026-01-14;Sim;Não;;
PROJETO;50606.000347/2025-78;2026-01-15;Assinado;Bruno;2026-01-22;MG;00 00619/2024;BR-381;Projetos;Relatório de Análise dos Estudos Hidrológicos – Contrato n.º 619/2024 – rodovia BR-381/MG (Lote 8A).;Ciência;23568174;23572925;;;2026-01-15;;2026-01-15;Bruno Pimenta Resende;2026-01-15;Sim;Não;;
PROJETO;50622.003125/2025-17;2026-01-15;Assinado;Bruno;2026-01-22;RO;00 00461/2025;BR-425;Projetos;Encaminhamento do Relatório dos Estudos Topográficos - rodovia BR-425/RO.;Encaminhamento;23568062;23578458;;;2026-01-15;;2026-01-23;Bruno Pimenta Resende;2026-01-15;Sim;Não;;
ASSESSORIA COAC;50600.033021/2025-87;2026-01-13;Assinado;Gabrielle;2026-01-20;-;-;-;Ministério;Solicitação de direcionamento prioritário de recursos para obras não concluídas no RS.;Ver providências com a Fernanda.;23551887;23621753;;;2026-02-02;;2026-02-09;Gabrielle Afonso Pereira Nogueira;2026-01-15;Não;Sim;;
ASSESSORIA COAC;50600.000830/2026-93;2026-01-13;Assinado;Maria Júlia;2026-01-20;RS;00 00375/2024;BR-116;Ministério;Solicitação de informações sobre a construção da segunda ponte sobre o Rio Jaguarão (Brasil-Uruguai).;Minutar ofício na linha de explicar que ainda tem saldo disponível no contrato (consultar atlas) e que alem disso foi destinado o valor da LOA (anexo enviado) - Esse ano provavelmente só vai ter projeto inclusive por conta do descrito no oficio 22966479.;23520482;23612646;;;2026-01-15;;2026-01-15;Maria Júlia de Miranda Fiel dos Santos;2026-01-15;Sim;Não;;
ASSESSORIA COAC;50600.036289/2024-90;2026-01-14;Assinado;Gabrielle;2026-01-21;PE;-;-;Outros;Levantamento de informações dos contratos rodoviários DNIT - COAC/CGCONT.;"Fazer ciência / atribuir par ao Lucas
O processo foi enviado pra a equipe do monitoramento";23533329;;;;2026-01-15;;2026-01-16;Gabrielle Afonso Pereira Nogueira;2026-01-15;Não;Não;;
PROJETO;50609.002327/2021-88;2026-01-15;Assinado;Bruno;2026-01-22;PR;09 00070/2022;BR-376;Projetos;Cronograma;Ciência;23575808;23579905;;;2026-01-15;;2026-01-23;Bruno Pimenta Resende;2026-01-15;Sim;Não;;
ASSESSORIA COAC;50600.001377/2026-32;2026-01-16;Assinado;Maria Júlia;2026-01-23;AM;-;-;Outros;Solicitação de pavimentação e manutenção da BR-319.;Informar sobre os contratos ativos e ver como responder sobre as medidas adotadas pra melhoria da rodovia.;23587134;23721793;;;2026-02-03;;2026-02-09;Maria Júlia de Miranda Fiel dos Santos;2026-01-19;Sim;Não;;
ASSESSORIA COAC;50001.008228/2026-53;2026-01-16;Assinado;Maria Júlia;2026-01-23;TO;-;-;FALA-BR;COM PRAZO - Solicitação de Informações - Lei de Acesso à Informação - Ponte JK.;Aguardar até o dia 30/01 (prazo) possível resposta à indagação da Superintendência (acordado com a Marília).;23580471;23604755;;;2026-01-19;;2026-01-30;Maria Júlia de Miranda Fiel dos Santos;2026-01-19;Sim;Não;;
ASSESSORIA COAC;50613.000011/2026-05;2026-01-16;Assinado;Maria Júlia;2026-01-23;PB;13 00938/2017;BR-230;DNIT/SRE; Consulta relativa às obras de adequação de capacidade na BR-230/PB, km 152,3 a km 183,9 (Campina Grande - Farinha).;Falar sobre licenças ambientais e artigo 60 da Lei n° 4.320/1964.;23481233;23730385;;;2026-01-19;;2026-03-02;Maria Júlia de Miranda Fiel dos Santos;2026-01-19;Sim;Não;;
ASSESSORIA COAC;50600.002192/2026-45;2026-01-20;Assinado;Rebeca;2026-01-27;-;-;-;FALA-BR;Assunto: Solicitação de informações.;Encaminhar extração SIAC dos contratos firmados no período solicitado;23614437;23618643;;;2026-01-20;;2026-01-21;Rebeca Braz Soares Fiameni;2026-01-20;Não;Não;;
PROJETO;50619.000790/2024-19;2026-01-21;Assinado;Bruno;2026-01-28;MS;19 00758/2023;BR-267;Projetos;Encaminhamento do Projeto Básico / Executivo de Pavimentação R01;Ciência;23618472;23631262;;;2026-01-21;;2026-01-23;Bruno Pimenta Resende;2026-01-21;Sim;Não;;
ASSESSORIA CGCONT;50600.042286/2025-76;2026-01-20;Assinado;Rebeca;2026-01-27;-;-;-;Outros;Relatório de Gestão do DNIT - 2025.;Preenchimento de documento modelo enviado;23456185;23667585;;;2026-01-27;;2026-01-27;Rebeca Braz Soares Fiameni;2026-01-22;Sim;Não;;
PROJETO;50603.002068/2024-98;2026-01-22;Assinado;Bruno;2026-01-29;CE;03 00077/2024;BR-116;Projetos;Andamento da análise do Relatório de Metodologia Avaliatória – RMA e Publicação da DUP;Verificar;23642844;23661880;;;2026-01-26;;2026-01-29;Bruno Pimenta Resende;2026-01-23;Sim;Não;;
PROJETO;50606.000347/2025-78;2026-01-26;Assinado;Bruno;2026-02-02;MG;00 00619/2024;BR-381;Projetos;Encaminhamento dos Estudos Hidrológicos – Rev. A e Relatório de Análise;Ciência do estudo para a DPP e o Relatório de Análise para a empresa;23658050;23697801;23697807;;2026-01-29;"1ª versão - 23673711
1ª versão - 23674387
2ª versão - 23681169
2ª versão - 23681174";2026-01-29;Bruno Pimenta Resende;2026-01-26;Sim;Não;;
PROJETO;50600.042572/2024-51;2026-01-26;Assinado;Bruno;2026-02-02;TO;00 00958/2024;BR-226;Projetos;Projeto As Built;Encaminhamento para SR analisar;23665405;23675108;;;2026-01-27;;2026-01-29;Bruno Pimenta Resende;2026-01-26;Sim;Não;;
ASSESSORIA COAC;50600.042694/2025-28;2026-01-26;Assinado;Maria Júlia;2026-02-02;RS;-;-;Parlamentares;Solicitação de informações acerca de obras na rodovia BR-116/RS, Município de Caxias do Sul.;Informar quanto à inexistência de contratos, previstos ou em execução, no trecho indicado.;23668553;23699240;;;2026-01-29;;2026-02-02;Maria Júlia de Miranda Fiel dos Santos;2026-01-26;Sim;Não;;
ASSESSORIA COAC;50001.016008/2026-01;2026-01-26;Assinado;Gabrielle;2026-02-02;AL;-;-;FALA-BR;Solicitação de informações - Lei de Acesso à Informação.;Inserido os projetos solicitados.;23657198;23697843;23728237;;2026-02-02;;2026-02-04;Gabrielle Afonso Pereira Nogueira;2026-01-26;Sim;Sim;;
ASSESSORIA COAC;50600.002196/2026-23;2026-01-22;Assinado;Maria Júlia;2026-01-29;PA;-;-;Outros;Solicitação de providências urgentes para a rodovia BR-230/PA (Transamazônica) - Trecho Medicilândia/PA a Uruará/PA.;Verificar com a Carol, para resposta ser completa;23644655;23708981;;;2026-01-30;;2026-02-12;Maria Júlia de Miranda Fiel dos Santos;2026-01-26;Sim;Não;;
PROJETO;50623.001914/2025-03;2026-01-27;Assinado;Bruno;2026-02-03;TO;00 00958/2024;BR-226;Projetos;"Encaminhamento do Projeto ""As Built"" da ponte do Estreito.";Verificar;23667719;23675997;;;2026-01-27;;2026-02-10;Bruno Pimenta Resende;2026-01-27;Sim;Não;;
PROJETO;50609.004210/2023-09;2026-01-27;Assinado;Gabrielle;2026-02-03;PR;09 00397/2021;BR-487;Projetos;Revisão de Projeto Executivo, Orçamento e Paisagismo;Encaminhamento de projeto pra DPP + ciencia de projetos que já foram para a SR.;23673890;23706891;;;2026-02-02;;2026-02-10;Bruno Pimenta Resende;2026-01-27;Sim;Não;;
PROJETO;50600.027469/2025-61;2026-01-27;Assinado;Bruno;2026-02-03;RS;00 00246/2025;BR-392;Notificação;"Descumprimento dos prazos fixados no Cronograma Físico-Financeiro para entrega de Projeto Básico/Executivo.
 ";Notificar;;23681490;;;2026-01-27;;2026-01-27;Bruno Pimenta Resende;2026-01-27;Sim;Não;;
PROJETO;50606.003862/2025-18;2026-01-27;Assinado;Gabrielle;2026-02-03;MG;00 00041/2025;BR-381;Projetos;Encaminhamento do Projeto Geométrico da Rodovia BR-381/MG;Encaminhamento para a empresa de análise e ciência de projeto.;23677929;23721649;23721655;;2026-02-10;;2026-02-10;Bruno Pimenta Resende;2026-01-27;Sim;Não;;
PROJETO;50600.007228/2025-04;2026-01-27;Assinado;Gabrielle;2026-02-03;BA;00 00379/2024;BR-116;Projetos;Estudos Topográficos - segmentos 1, 2 e 3 do Lote 5;Enviar para a DPP com o novo documento enviado pela empresa;23607845;23715797;;;2026-02-02;;2026-02-10;Bruno Pimenta Resende;2026-01-27;Sim;Não;;
PROJETO;50600.023451/2025-91;2026-01-27;Assinado;Gabrielle;2026-02-03;RS;00 00375/2024;BR-116;Projetos;Entrega do Relatório do Projeto Básico de Sinalização;Encaminhamento de projetos para DPP;23679035;23706329;;;2026-02-02;;2026-02-10;Bruno Pimenta Resende;2026-01-28;Sim;Não;;
PROJETO;50622.003125/2025-17;2026-01-29;Assinado;Gabrielle;2026-02-05;RO;00 00461/2025;BR-425;Projetos;Resposta ao Ofício nº 13097/2026/COAC/CGCONT/DIR/DNIT SEDE;Encaminhamento para a SR informando sobre justificativas da empresa.;23693253;23699285;;;2026-02-02;;2026-02-10;Bruno Pimenta Resende;2026-01-29;Sim;Não;;
PROJETO;50603.000829/2024-77;2026-01-30;Assinado;Gabrielle;2026-02-06;CE;03 00077/2024;BR-116;Projetos;Entrega Projeto Executivo de OAE – Rio Choró (Pista Oeste) - Substituição;Ciência do recebimento dos projetos.;23695147;23741143;;;2026-02-05;;2026-02-12;Gabrielle Afonso Pereira Nogueira;2026-01-30;Sim;Não;;
PROJETO;50600.037160/2024-07;2026-02-02;Assinado;Gabrielle;2026-02-09;BA;00 00392/2024;BR-030;Projetos;Encaminhamento do Relatório do Projeto Básico/Executivo de OAE - Contrato n.º 392/2024 - rodovia BR-030/BA.;Encaminhamento de análise para empresa e ciencia de projetos à Dir.;23710439;23723055;23723061;;2026-02-05;;2026-02-10;Bruno Pimenta Resende;2026-02-02;Sim;Não;;
PROJETO;50600.031376/2022-99;2026-02-02;Assinado;Gabrielle;2026-02-09;PR;09 00070/2022;BR-376;Projetos;Análise de Projeto - Contrato n.º 070/2022.;Encaminhamento de análises para empresa e ciência a DIR de todos os projetos entregues desde a ultima comunicação.;23716710;23770932;23770945;;2026-02-05;;2026-02-10;Bruno Pimenta Resende;2026-02-02;Não;Não;;
ASSESSORIA COAC;50600.002188/2026-87;2026-01-26;Assinado;Rebeca;2026-02-02;MG;-;-;Outros;Assunto: Solicitação de informações referentes aos Lotes 8A e 8B da rodovia BR-381/MG.;Informar sobre os contratos.;23654868;23729878;;;2026-02-23;;2026-02-24;Rebeca Braz Soares Fiameni;2026-02-02;Sim;Não;;
ASSESSORIA COAC;50001.015164/2026-47;2026-01-26;Assinado;Rebeca;2026-02-02;-;-;-;FALA-BR;Solicitação de dados referentes ao setor rodoviário federal, por Distrito Sanitário Especial Indígena – DSEI.;Não compete à CGCONT responder;23656904;23731740;;;2026-02-02;;2026-02-02;Rebeca Braz Soares Fiameni;2026-02-02;Sim;Sim;;
ASSESSORIA COAC;50600.002557/2026-31;2026-01-27;Assinado;Maria Júlia;2026-02-03;-;-;-;DNIT/SRE;Solicitação de informações sobre  projetos e iniciativas prioritárias no âmbito da malha rodoviária federal com impacto direto na logística nordestina.;Encaminhar contratos ativos/cadastrados referentes à região nordeste do país.;23649315;23939275;23888809;;2026-02-20;;2026-02-27;Maria Júlia de Miranda Fiel dos Santos;2026-02-02;Sim;Não;;
PROJETO;50603.000995/2024-73;2026-02-03;Assinado;Gabrielle;2026-02-10;CE;03 00077/2024;BR-116;Projetos;Apresentação de desenho dos limites da faixa de domínio;Encaminhamento para a SR e ciencia de tudo que passou ;23724980;23762727;;;2026-02-05;;2026-02-09;Bruno Pimenta Resende;2026-02-03;Sim;Não;;
PROJETO;50600.015748/2024-00;2026-02-03;Assinado;Gabrielle;2026-02-10;AL;00 00057/2024;BR-349;Projetos;Relatórios de Análise do Componente Ambiental e OAE;Encaminhar analises para a empresa.;23723567;23742650;;;2026-02-05;;2026-02-10;Bruno Pimenta Resende;2026-02-03;Não;Não;;
PROJETO;50606.000347/2025-78;2026-02-03;Assinado;Bruno;2026-02-10;MG;00 00619/2024;BR-381;Projetos;Relatório de Análise de Contenções de OAE;Verificar;23723136;23761630;;;2026-02-05;;2026-02-10;Bruno Pimenta Resende;2026-02-03;Sim;Não;;
ASSESSORIA COAC;50620.000092/2026-46;2026-01-27;Assinado;Maria Júlia;2026-02-03;AL;00 00835/2025;BR-349;Outros;Pendências para início das obras de implantação da rodovia de acesso à Ponte Penedo-Neópolis, BR-349/AL.;Informar que a responsabilidade junto aos órgãos regionais é da SR e a fiscalização que tem que tomar ações para resolução;23660848;23744473;;;2026-02-05;;2026-02-09;Maria Júlia de Miranda Fiel dos Santos;2026-02-03;Sim;Não;;
ASSESSORIA CGCONT;50600.002089/2025-14;2026-01-30;Assinado;Maria Júlia;2026-02-06;-;-;-;DNIT/SRE;Solicitação de relatório detalhado sobre inexecução financeira - LOA 2025.;Corroborar com a DAF;23654921;23967023;;;2026-02-03;;2026-03-02;Maria Júlia de Miranda Fiel dos Santos;2026-02-03;Sim;Não;;
ASSESSORIA COAC;50600.002969/2026-71;2026-01-28;Assinado;Maria Júlia;2026-02-04;MG;00 00277/2022;BR-135;Outros;Solicitação de implantação de implantação de passagem técnica para travessia de animais e veículos de pequeno porte, no âmbito das obras de implantação e adequação da rodovia BR-135/MG.;Encaminhar para a DPP e SR, para verificar a viabilidade técnica, por serem responsáveis pelas aprovações do projeto, visto que o projeto segue ainda sem aprovação total;23683400;23749965;;;2026-02-04;;2026-02-09;Maria Júlia de Miranda Fiel dos Santos;2026-02-03;Sim;Não;;
ASSESSORIA CGCONT;50600.003066/2026-16;2026-02-02;Assinado;Rebeca;2026-02-09;-;-;-;Outros;Consulta Pública da Avaliação Estratégica do Plano Nacional de Logística 2050.;Responder COAC. Mandar CGCONT;23694662;23754513;;;2026-02-04;;2026-02-09;Rebeca Braz Soares Fiameni;2026-02-04;Sim;Não;;
ASSESSORIA COAC;50600.003007/2026-30;2026-02-02;Assinado;Rebeca;2026-02-09;-;-;-;DNIT/SRE;Existência de Impedimento Técnico para Execução Orçamentária das Emendas de Bancada.;Justificativa simples, com foco técnico, porém tentanto não perder o dinheiro.;23674708;;;;2026-02-06;;2026-02-09;Rebeca Braz Soares Fiameni;2026-02-04;Sim;Não;;
ASSESSORIA COAC;50600.003863/2026-95;2026-02-04;Assinado;Rebeca;2026-02-11;BA;00 00379/2024;BR-116;Ministério;Informações sobre obras em trechos concedidos/em processo de concessão. Rota dos Sertões - BR-116/324/BA/PE entre Feira de Santana/BA e Salgueiro/PE.;Atualização de infromações dos contratos, pela concessão da Rota dos Sertões.;23748746;23756760;;;2026-02-04;;2026-02-06;Rebeca Braz Soares Fiameni;2026-02-04;Sim;Não;;
ASSESSORIA COAC;50001.025886/2026-18;2026-02-05;Assinado;Gabrielle;2026-02-12;-;-;-;FALA-BR;Solicitação de informações - Lei de Acesso de Informação.;Informar sobre os questionamentos do fala-br;23751215;23881928;23815750;;2026-02-20;;2026-02-24;Gabrielle Afonso Pereira Nogueira;2026-02-06;Sim;Não;;
ASSESSORIA COAC;50600.003216/2026-83;2026-02-05;Assinado;Maria Júlia;2026-02-12;MA;-;-;Ministério;Solicitação de informações sobre contratos ativos de manutenção e ampliação de capacidade/adequações e dos investimentos do PAC no trecho das BR-135/316/MA, entre os municípios de São Luís/MA e Timon/MA.;.;23754726;23785654;;;2026-02-09;;2026-02-09;Maria Júlia de Miranda Fiel dos Santos;2026-02-06;Sim;Não;;
ASSESSORIA COAC;50600.004021/2026-51;2026-02-09;Assinado;Gabrielle;2026-02-16;SC;-;-;Outros;Solicitação de manifestação acerca da Rua 12 de Outubro – Joaçaba/SC (duplicação e uso da faixa de domínio).;Informar que não há contrato ativo no trechos citado. Sugerir encaminhamento para a DPP.;23783019;23857363;;;2026-02-09;;2026-02-18;Gabrielle Afonso Pereira Nogueira;2026-02-09;Não;Não;;
PROJETO;50600.014362/2025-53;2026-02-09;Assinado;Gabrielle;2026-02-16;AL;-;-;Projetos;Renotificação sobre cronogramas - SRE/AL;Notificação à SR sobre os contratos 602/2024, 636/2024, 057/2024. AGUARDAR LIGAÇÃO;;23790710;;;2026-03-10;;2026-03-10;Gabrielle Afonso Pereira Nogueira;2026-02-09;Não;Não;"Bruno Pimenta Resende - 04/03/2026 13:36
Aguardar resposta do Nicolas.

Bruno Pimenta Resende - 04/03/2026 13:43
Aguardar resposta do Nicolas, pois ele vai entrar em contato com os fiscais pedindo urgência.
----------------------------------------
Bruno Pimenta Resende - 10/03/2026 10:02
Notificado sem receber ligação.";
ASSESSORIA COAC;50001.030344/2026-59;2026-02-09;Assinado;Rebeca;2026-02-16;-;-;-;FALA-BR;Solicitação de informações - Lei de Acesso à Informação.;Informar que não possuímos atribuição para estudo de índices de segurança viária;23785377;23810647;;;2026-02-11;;2026-02-12;Rebeca Braz Soares Fiameni;2026-02-09;Sim;Não;;
PROJETO;50604.001490/2023-35;2026-02-09;Assinado;Gabrielle;2026-02-16;PE;04 00260/2021;BR-423;Projetos;Emissão do Termo de Aceite - Contrato n.º 260/2021 - rodovia BR-423/PE.;Encaminhar termo de aceite para empresa +  ciencia a DIR;23779990;23807221;23807778;;2026-02-13;;2026-02-19;Bruno Pimenta Resende;2026-02-09;Sim;Não;;
PROJETO;50610.005571/2020-82;2026-02-09;Assinado;Gabrielle;2026-02-16;RS;10 00821/2019;BR-116;Projetos;Termos de Aceite - Análise de Projeto Básico e Executivo - BR-116/RS.;Encaminhamento de termo de aceite para a empresa.;23784298;23847974;23847992;;2026-02-13;;2026-02-19;Bruno Pimenta Resende;2026-02-09;Não;Não;;
PROJETO;50603.000995/2024-73;2026-02-05;Assinado;Gabrielle;2026-02-12;CE;03 00077/2024;BR-116;Projetos;Contrato nº 03 00077/2024 - Encaminhamento de projetos - BR-116/CE.;Encaminhar para SR;23724980;23741981;;;2026-02-09;;2026-02-09;Gabrielle Afonso Pereira Nogueira;2026-02-11;Não;Não;;
PROJETO;50600.015453/2025-14;2026-02-10;Assinado;Gabrielle;2026-02-17;BA;-;-;Projetos;Renotificação sobre cronogramas - SRE BA;Enviar notificação às 2 empresas.;;23812174;;;2026-03-05;;2026-03-10;Bruno Pimenta Resende;2026-02-11;Não;Não;"Bruno Pimenta Resende - 04/03/2026 16:46
Especificar o caminhi/histórico. COAC Notificação - SR Notificação - Empresa Resposta";
ASSESSORIA CGCONT;00784.001421/2026-25;2026-02-10;Assinado;Rebeca;2026-02-17;-;-;-;Outros;Solicitação de informações.;Informações quanto a existência de obras com investimento BNDS;23815587;23815587;;;2026-02-11;;2026-02-12;Rebeca Braz Soares Fiameni;2026-02-11;Sim;Não;;
PROJETO;50600.027198/2025-44;2026-02-11;Assinado;Maria Júlia;2026-02-18;CE;03 00077/2024;BR-116;Notificação;Notificação quanto ao descumprimento dos prazos contidos nos cronogramas físico-financeiros do contrato n° 03 00077/2024.;Reforçar a importância da formalização da repactuação do cronograma.;;23829233;;;2026-02-13;;2026-02-18;Bruno Pimenta Resende;2026-02-12;Sim;Não;;
PROJETO;50606.003862/2025-18;2026-02-12;Assinado;Gabrielle;2026-02-19;MG;00 00041/2025;BR-381;Projetos; Encaminhamento dos Estudos Topográficos;Ciencia dos estudos;23833116;23862499;;;2026-02-19;;2026-02-19;Bruno Pimenta Resende;2026-02-12;Sim;Não;;
PROJETO;50619.000790/2024-19;2026-02-13;Assinado;Gabrielle;2026-02-20;MS;19 00758/2023;BR-267;Projetos;Atendimento às exigências do Ofício-Circular n.º 4149/2024/DIR/DNIT SEDE - Protocolo de PB/PE de Contenções - Versão 00.;Ciencia dos projetos enviados e conteudo da SR esclarecendo que a DPP continua emitindo os ermos de aceite;23844550;23854643;;;2026-02-19;;2026-02-19;Gabrielle Afonso Pereira Nogueira;2026-02-13;Não;Não;;
PROJETO;50600.027157/2025-58;2026-02-13;Assinado;Gabrielle;2026-02-20;MG;-;-;Projetos;Renotificação sobre cronogramas - SRE/MG;Mandar notificação sobre o contrato 277 para a SR.;;23854023;;;2026-03-02;;2026-03-02;Bruno Pimenta Resende;2026-02-13;Não;Não;;
PROJETO;50610.005261/2022-20;2026-02-18;Assinado;Gabrielle;2026-02-25;RS;10 00821/2019;BR-116;Projetos;Emissão de Termo de Aceite - Contrato n.º 821/2019 - BR-116/RS.;Encaminhar termo de aceite para empresa e ciencia a DIR ;23779081;23867937;23867945;;2026-02-23;;2026-03-02;Bruno Pimenta Resende;2026-02-18;Não;Não;;
PROJETO;50600.015618/2025-40;2026-02-19;Assinado;Gabrielle;2026-02-26;PA;-;-;Projetos;Renotificação de cronograma SRE/PA;Enviar notificação sobre cronograma. Verificar segmento  se tem componente ambiental pra ser entregue. Caso não tenham mais projetos a serem entregues nesse subtrecho, notificar somente o segundo, e alterar na planiha o status dos projetos.;;23874087;;;2026-03-04;;2026-03-05;Bruno Pimenta Resende;2026-02-19;Não;Não;;
PROJETO;50609.004210/2023-09;2026-02-20;Assinado;Gabrielle;2026-02-27;PR;09 00397/2021;BR-487;Projetos;Entrega da Revisão Projeto Executivo de Sinalização e Obras Complementares e  Projeto Básico de Desapropriação e Relatório de ProgramaçãoRP;Ciencia da entrega de projetos e encaminhamento de analise a empresa.;23869068;23944687;23944704;;2026-03-02;;2026-03-02;Bruno Pimenta Resende;2026-02-20;Sim;Não;;
ASSESSORIA COAC;50600.042286/2025-76;2026-02-20;Assinado;Maria Júlia;2026-02-27;-;-;-;Outros;Complementação do Relatório de Gestão 2025.;Informar não ser possível complementar a informação visto a CGCONT não ser regimentalmente responsável pelas ações de planejamento do DNIT.;23887047;23889069;;;2026-02-20;;2026-02-24;Maria Júlia de Miranda Fiel dos Santos;2026-02-20;Sim;Não;;
PROJETO;50600.037160/2024-07;2026-02-23;Assinado;Gabrielle;2026-03-02;BA;00 00392/2024;BR-030;Projetos;Resposta ao Ofício n.º 29451/2026.;Ciencia de carta explicativa do consórcio e encaminhamento de analise para empresa.;23902961;23979616;23979634;;2026-03-03;"1ª Versão - 23920207
1ª Versão - 23920219";2026-03-03;Bruno Pimenta Resende;2026-02-23;Sim;Não;;
PROJETO;50600.023451/2025-91;2026-02-23;Assinado;Gabrielle;2026-03-02;RS;00 00375/2024;BR-116;Projetos; Entrega do Relatório do Projeto Básico Arquitetônico do Centro de Fronteira;"Mandar projetos para DPP
Encaminhamento de analise para empresa

";23906054;23979422;23979433;;2026-03-03;23923041 e 23923175 - antigos;2026-03-03;Bruno Pimenta Resende;2026-02-23;Sim;Não;;
PROJETO;50606.000347/2025-78;2026-02-23;Assinado;Gabrielle;2026-03-02;MG;00 00619/2024;BR-381;Projetos;Encaminhamento do Projeto de Componente Ambiental e Paisagismo – Rev. C;Ciencia a DIR e encaminhamento pra empresa;23906501;23972015;23972031;;2026-03-02;"1ª Versão - 23950699
1ª Versão - 23950709";2026-03-02;Bruno Pimenta Resende;2026-02-23;Sim;Não;;
ASSESSORIA COAC;50600.001032/2024-17;2026-02-23;Assinado;Maria Júlia;2026-03-02;MG;-;-;Outros;Solicitação de informações referentes aos Lotes 8A e 8B da rodovia BR-381/MG.;Informar sobre os contratos.;23889973;23939275;;;2026-02-23;;2026-02-27;Maria Júlia de Miranda Fiel dos Santos;2026-02-23;Sim;Não;;
ASSESSORIA COAC;50600.005279/2026-74;2026-02-13;Assinado;Maria Júlia;2026-02-20;MA;-;-;Parlamentares;Informações sobre investimentos do DNIT no Município de Carolina, no Maranhão, no ano de 2025.;Informar sobre a inexistência de contratos sob gestão da CGCONT.;23851649;23915657;;;2026-02-24;;2026-02-25;Maria Júlia de Miranda Fiel dos Santos;2026-02-24;Sim;Não;;
PROJETO;50600.003198/2025-59;2026-02-24;Assinado;Gabrielle;2026-03-03;PA;02 00261/2024;BR-230;Projetos;Encaminhamento do Relatório Hidrológico de OAE - Contrato n.º 261/2024.;Encaminhamento de analise para a empresa;23913052;23922160;;;2026-02-24;;2026-03-02;Bruno Pimenta Resende;2026-02-24;Não;Não;;
ASSESSORIA COAC;50600.025905/2024-87;2026-02-26;Assinado;Maria Júlia;2026-03-05;BA;05 00287/2025;BR-324;Ministério;Estruturação de Estudos Técnicos para Concessões Rodoviárias.;Informações sobre obra da 324/BA (Rota dos Sertões).;23804302;24005131;;;2026-02-26;;2026-03-04;Maria Júlia de Miranda Fiel dos Santos;2026-02-26;Sim;Não;;
ASSESSORIA COAC;50600.005070/2026-19;2026-02-19;Assinado;Rebeca;2026-02-26;BA;-;-;Ministério;Solicitação de recuperação, construção de acostamento e duplicação do trecho Barreiras - Formosa do Rio Preto da BR-135/BA.;Infromações sobre a BR-135/BA,  trecho Barreiras - Formosa do Rio Preto;23860869;23947753;;;2026-02-26;;2026-03-03;Bruno Pimenta Resende;2026-02-26;Não;Não;;
ASSESSORIA COAC;50600.005913/2026-79;2026-02-26;Assinado;Gabrielle;2026-03-05;RS;-;-;Outros;Solicitação de duplicação do Lote 4 da rodovia BR-392/RS, construção de ponte conectando a rodovia BR-392/RS à BR-101/RS e conclusão das obras de duplicação da rodovia BR-116/RS entre Pelotas e Guaíba.;Responder questionamentos quanto às obras da BR-392/RS e BR-116/RS;23893663;23958665;;;2026-02-26;;2026-03-03;Gabrielle Afonso Pereira Nogueira;2026-02-26;Não;Não;;
ASSESSORIA COAC;50600.028041/2022-93;2026-02-24;Assinado;Rebeca;2026-03-03;-;-;-;Outros;Consulta acerca da faixa de domínio da rodovia BR-040/DF.;Infromar que não existente contratos ativos na BR-040/DF;23901785;23950743;;;2026-02-26;;2026-03-02;Bruno Pimenta Resende;2026-02-26;Não;Não;;
ASSESSORIA COAC;50600.006453/2026-04;2026-02-25;Assinado;Rafaela;2026-03-04;DF/GO;-;BR-010;Outros;Solicitação de apoio à Comunidade Quilombola.;Informar acerca dos contratos;23935741;24148952;;;2026-02-26;Sinalizado que existe um contrato na 010/TO, mas que não contempla os municípios em questão. Assinado em 20/03/2026 por Marília e Thiago;2026-02-26;Rafaela Nobrega;2026-02-26;Sim;Não;;
ASSESSORIA COAC;50600.028382/2025-10;2026-02-27;Assinado;Gabrielle;2026-03-06;RS;-;-;Parlamentares;Solicitação de recuperação e extensão da pavimentação do acesso à BR-293/RS.;Informar sobre os contratos na BR 293 que não tem, e sobre a ação orçamentária que também não tem. ;23957182;23966480;;;2026-02-27;;2026-03-03;Gabrielle Afonso Pereira Nogueira;2026-02-27;Não;Não;;
ASSESSORIA COAC;50600.042286/2025-76;2026-02-27;Assinado;Rebeca;2026-03-06;-;-;-;DNIT/SRE;Complementação de informações. Relatório de Gestão do DNIT - 2025.;Complementar informações solicitadas;23961995;23982920;23982995;;2026-03-02;;2026-03-02;Rebeca Braz Soares Fiameni;2026-03-02;Não;Não;;
PROJETO;50600.027428/2025-75;2026-03-04;Assinado;Gabrielle;2026-03-11;PR;09 00397/2021;BR-487;Projetos;Renotificação do contrato 397/2021;Renotificação do contrato 397/2021;;24019301;;;2026-03-05;;2026-03-10;Bruno Pimenta Resende;2026-03-04;Não;Não;;
PROJETO;50600.023451/2025-91;2026-03-04;Assinado;Gabrielle;2026-03-11;RS;00 00375/2024;BR-116;Projetos;Relatório de Análise do Projeto n° 033/2026 Estudos Hidrologicos (23912352);Ciencia de encaminhamento de analise;23993381;24019589;;;2026-03-05;CADASTRAR NO SIMA;2026-03-10;Bruno Pimenta Resende;2026-03-04;Não;Não;;
PROJETO;50600.037160/2024-07;2026-03-04;Assinado;Gabrielle;2026-03-11;BA;00 00392/2024;BR-030;Projetos;Relatório de Análise do Projeto 159/2026 -PHDNIT (23792719);Ciencia de encaminhamento de analise;23992424;24019919;;;2026-03-05;CADASTRAR NO SIMA;2026-03-10;Bruno Pimenta Resende;2026-03-04;Não;Não;;
PROJETO;50605.000092/2026-34;2026-03-18;Assinado;Bruno;2026-03-25;BA;05 00068/2026;BR-101;Notificação;Descumprimento dos prazos fixados no Cronograma Físico-Financeiro para entrega de Projeto Básico/Executivo.;Empresa encaminhou cronograma. Notificar SR;;24211702;;;2026-03-23;1ª Versão - 24013796;2026-03-26;Bruno Pimenta Resende;2026-03-05;Sim;Não;"Bruno Pimenta Resende - 05/03/2026 11:40
Aguardar até amanhã cedo a ativação do contrato no SIAC pelo Murilo.
----------------------------------------
Bruno Pimenta Resende - 06/03/2026 10:59
Empresa encaminhou Cronograma, aguardando a análise de SR.";
ASSESSORIA COAC;50600.005354/2026-05;2026-03-04;Assinado;Rafaela;2026-03-11;MG;-;BR-365;Outros;Solicitação de informações acerca do andamento do projeto de concessão do Lote Noroeste de Rodovias na 365/MG.;Explicar que o empreendimento possui ação orçamentária (165Q) e que o termo de referência para o edital de licitação está em elaboração.;23998575;24026669;;;2026-03-05;Assinado por Marília Bomtempo e Thiago Pitombeira em 17/03/2026;2026-03-05;Rafaela Nobrega;2026-03-05;Sim;Não;;
ASSESSORIA COAC;50600.007775/2026-62;2026-03-03;Assinado;Maria Júlia;2026-03-10;DF/GO;-;-;ANTT;Análise e considerações quanto ao Termo de Arrolamento e Reversão de Bens (TARB) das rodovias BR-153/GO e BR-153/262/MG (Rota Sertaneja). ;Nada a acrescentar.;23996300;24015300;;;2026-03-05;;2026-03-05;Maria Júlia de Miranda Fiel dos Santos;2026-03-05;Sim;Não;;
PROJETO;50606.003862/2025-18;2026-03-06;Assinado;Gabrielle;2026-03-13;MG;00 00041/2025;BR-381;Projetos;Encaminhamento dos Estudos de Tráfego – Rev. 0;Ciencia de projeto e análise.;24024628;24056080;;;2026-03-10;;2026-03-10;Bruno Pimenta Resende;2026-03-06;Não;Não;;
ASSESSORIA COAC;50600.025342/2025-16;2026-03-05;Assinado;Maria Júlia;2026-03-12;RJ;-;-;Outros;Viabilização da execução direta das obras das Variantes de Jamapará, Sapucaia e Anta na BR-393/RJ.;Atestar ciência da documentação anexada aos autos.;24015235;24034092;;;2026-03-06;;2026-03-09;Maria Julia de Miranda Fiel dos Santos;2026-03-06;Sim;Não;;
ASSESSORIA COAC;50001.034405/2026-57;2026-03-05;Assinado;Maria Júlia;2026-03-12;AM;-;-;FALA-BR;Demandas sobre investimentos na BR-307/AM.;Informou-se sobre a inexistência de empreendimentos e previsões de ações na BR-307/AM.;24013649;24043511;;;2026-03-06;;2026-03-09;Maria Julia de Miranda Fiel dos Santos;2026-03-06;Sim;Não;;
ASSESSORIA COAC;50600.007547/2026-92;2026-03-03;Assinado;Rafaela;2026-03-10;ES;-;-;Parlamentares;Esclarecimentos acerca da situação da BR-342/ES;Elaboração de ofício para sinalizar que não temos ação orçamentária e nem contrato na rodovia em questão;23995664;24044466;;;2026-03-06;;2026-03-09;Rafaela Nobrega;2026-03-06;Sim;Não;;
ASSESSORIA COAC;50600.000572/2022-11;2026-03-06;Assinado;Maria Júlia;2026-03-13;PR;-;-;Outros;Análise e considerações quanto ao Termo de Arrolamento e Reversão de Bens (TARB) referente ao Lote 4 do Paraná.;Sem considerações.;24034584;24046046;;;2026-03-06;;2026-03-09;Maria Julia de Miranda Fiel dos Santos;2026-03-06;Sim;Não;;
PROJETO;50600.015508/2025-88;2026-03-09;Assinado;Gabrielle;2026-03-16;DF/GO;-;-;Notificação;Descumprimento dos prazos fixados no Cronograma Físico-Financeiro para entrega de Projeto Básico/Executivo.;Ciencia sobre a repactuação do cronograma.;24029511;24074872;;;2026-03-11;;2026-03-17;Bruno Pimenta Resende;2026-03-09;Sim;Não;;
PROJETO;50606.000238/2023-99;2026-03-09;Assinado;Gabrielle;2026-03-16;MG;00 00277/2022;BR-135;Projetos;Encaminhamento de Relatório de Análise de Projeto - Contrato n.º 277/2022;Ciencia de projetos e encaminhamento de análises;24049517;24066648;24066659;24081538;2026-03-11;;2026-03-17;Bruno Pimenta Resende;2026-03-09;Sim;Não;"Bruno Pimenta Resende - 11/03/2026 09:40
Criei mais um ofício pra encaminhamento pra DPP.";
PROJETO;50619.000790/2024-19;2026-03-10;Assinado;Bruno;2026-03-17;MS;19 00758/2023;BR-267;Projetos;Ofício de Encaminhamento do Projeto Básico / Executivo de Componente Ambientais R03 ;Verificar;24058120;24065487;;;2026-03-10;;2026-03-10;Bruno Pimenta Resende;2026-03-10;Não;Não;;
PROJETO;50600.027265/2025-21;2026-03-10;Assinado;Bruno;2026-03-17;MT;-;-;Notificação;Descumprimento dos prazos fixados no Cronograma Físico-Financeiro para entrega de Projeto Básico/Executivo.;"Notificar contratos:
11 00209/2025
11 00159/2022";;24066695;;;2026-03-10;;2026-03-17;Bruno Pimenta Resende;2026-03-10;Não;Não;;
PROJETO;50603.000829/2024-77;2026-03-12;Assinado;Bruno;2026-03-19;CE;03 00077/2024;BR-116;Projetos;"Entrega Projeto Executivo de Pavimentação/Restauração
E relatórios de análise";Ciência e encaminhamento de Termo de Aceite para a aempresa;24089567;24096418;24096761;;2026-03-12;;2026-03-17;Bruno Pimenta Resende;2026-03-12;Sim;Não;;
ASSESSORIA COAC;50600.009186/2026-19;2026-03-11;Assinado;Maria Júlia;2026-03-18;AM;-;-;Parlamentares;Solicitação de informações sobre o planejamento, a execução e a transparência de ações de manutenção, recuperação e obras nas rodovias federais BR-230 (Transamazônica) e BR-319, com foco nos trechos situados no Estado do Amazonas.;Informou-se quanto aos contratos n.º 389/2024 e 563/2024.;24092678;24098748;;;2026-03-12;;2026-03-16;Maria Julia de Miranda Fiel dos Santos;2026-03-13;Sim;Não;;
PROJETO;50600.009498/2026-22;2026-03-16;Assinado;Gabrielle;2026-03-23;PR;09 00070/2022;BR-376;Projetos;Entrega de Respostas às Análises dos Projetos;Encaminhamento das justificativas para a CGDESP;24113660;24129727;;;2026-03-17;;2026-03-18;Bruno Pimenta Resende;2026-03-16;Sim;Não;"Bruno Pimenta Resende - 16/03/2026 16:49
Chegou outro documento. Verificar 24125626";
PROJETO;50623.002450/2025-44;2026-03-16;Assinado;Gabrielle;2026-03-23;TO;23 00662/2025;BR-153;Projetos;Termo de Aceite da construção da ponte sobre o rio Araguaia em Xambioá na BR-153/TO/PA.;Despacho de conclusão com ciência ;24132560;24148014;;;2026-03-17;;2026-03-18;Bruno Pimenta Resende;2026-03-16;Sim;Não;;
PROJETO;50606.000347/2025-78;2026-03-16;Assinado;Gabrielle;2026-03-23;MG;00 00619/2024;BR-381;Projetos;Encaminhamento dos Estudos Topográficos;Verificar;24135780;24194493;24194796;;2026-03-20;1ª Versão - 24178794;2026-03-26;Bruno Pimenta Resende;2026-03-16;Sim;Não;"Bruno Pimenta Resende - 26/03/2026 10:28
o
----------------------------------------
Bruno Pimenta Resende - 26/03/2026 10:30
o
----------------------------------------
Bruno Pimenta Resende - 26/03/2026 10:32
o
----------------------------------------
Bruno Pimenta Resende - 26/03/2026 10:34
fa";
PROJETO;50609.004210/2023-09;2026-03-17;Assinado;Gabrielle;2026-03-24;PR;09 00397/2021;BR-487;Projetos;Encaminhamento de documentos referente ao Contrato nº 397/2021;Verificar;24129448;24162598;;;2026-03-20;;2026-03-26;Bruno Pimenta Resende;2026-03-17;Sim;Não;;
ASSESSORIA COAC;50600.029924/2025-63;2026-02-27;Assinado;Maria Júlia;2026-03-06;RS;10 00605/2023;BR-116;ANTT;Obras de duplicação da rodovia BR-116/RS - km 437 ao km 446 - Concessionária Ecovias Sul.;Atestar ciência da manifestação da Unidade Local.;23931274;;;;2026-03-17;;2026-03-19;Maria Julia de Miranda Fiel dos Santos;2026-03-17;Sim;Não;;
ASSESSORIA COAC;50600.029806/2024-74;2026-03-17;Assinado;Rafaela;2026-04-29;MG;-;BR-116;Ministério;Solicitação de Levantamento de Informações para Elaboração do Termo de Arrolamento das Rodovias BR116/251/MG - Rota Gerais;Informar que não existe contrato para a localidade;23958497;24153592;;;2026-03-17;Assinado por Marília Bomtempo e Thiago Pitombeira em 27/03/2026;2026-03-17;Rafaela Nobrega;2026-03-17;Sim;Sim;;
PROJETO;50619.000790/2024-19;2026-03-19;Assinado;Gabrielle;2026-03-26;MS;19 00758/2023;BR-267;Projetos;Emissão de Termo de Aceite - Contrato nº 758/2023 (BR-267/MS).;Envio de termo de aceite e ciencia .;24173504;24258567;24258718;;2026-03-26;;2026-04-06;Bruno Pimenta Resende;2026-03-19;Sim;Não;"Bruno Pimenta Resende - 26/03/2026 11:23
Atualizar";
PROJETO;50600.034231/2024-10;2026-03-19;Assinado;Gabrielle;2026-03-26;BA;00 00391/2024;BR-030;Projetos;Encaminhamento de documentos;Ciência de projetos + encaminhamento de analises para a empresa;24165087;24180874;24181310;;2026-03-20;;2026-03-26;Bruno Pimenta Resende;2026-03-19;Sim;Não;;
ASSESSORIA COAC;50001.061318/2026-72;2026-03-19;Assinado;Rafaela;2026-03-27;MG;-;BR-381;FALA-BR;Fala.BR que solicita acesso aos processos SEI nº 50600.014788/2024-26 e 50600.006897/2024-70;Informar no processo se é possível conceder acesso ao usuário externo;24164954;24179689;;;2026-03-20;Assinado por Marília Bomtempo e Thiago Pitombeira em 27/03/2026;2026-03-19;Rafaela Nobrega;2026-03-19;Sim;Não;;
PROJETO;50600.031376/2022-99;2026-03-19;Assinado;Gabrielle;2026-03-26;PR;09 00070/2022;BR-376;Projetos;Termos de Aceite - Análise de Estudo Geotécnico e Emissão de Termo de Aceite de Estudo Geológico;"Encaminhamento para a empresa de termos
Ciencia dos projetos ";24173476;24227744;24227753;;2026-03-23;"24192657, 24192669 e 24193383. Atualizados 
24212047 e 24212056 - Atualizados";2026-03-26;Bruno Pimenta Resende;2026-03-19;Sim;Não;;
ASSESSORIA COAC;50600.009493/2026-08;2026-03-19;Assinado;Rafaela;2026-03-26;-;-;-;Outros;Solicitação de informações da Secretaria Nacional de Transporte Rodoviário do Ministério dos Transportes acerca de informações de OAEs apresentadas pela INFRA;Informar quais OAEs listadas fazem parte de contratos ativos;24170145;24196260;;;2026-03-19;Assinado por Marília Bomtempo e Thiago Pitombeira em 09/04/2026;2026-03-19;Rafaela Nobrega;2026-03-19;Sim;Não;;
ASSESSORIA COAC;50600.010270/2026-85;2026-03-23;Assinado;Rafaela;2026-04-01;MG;-;BR-458;Ministério;Prefeitura Municipal de Bugre solicita agendamento de nova reunião a ser conduzida pelo Prefeito Marcélio Teixeira da Costa, para tratar de assuntos de interesse do Município, especialmente da construção de um trevo de acesso ao município na rodovia ;Informar que o assunto deve ser tratado com a DPP;24192310;24208675;;;2026-03-23;Assinado por Marília Bomtempo e Thiago Pitombeira em 27/03/2026;2026-03-23;Rafaela Nobrega;2026-03-23;Sim;Sim;;
ASSESSORIA COAC;50600.009298/2026-70;2026-03-23;Assinado;Rafaela;2026-03-30;AM;-;-;Outros;SNTR/MT encaminha solicitação do Centro da Indústria do estado do Amazonas acerca de informações atualizadas de empreendimentos na BR-319/AM e na BR-174/RR;Informar dados competentes à essa coordenação acerca dos empreendimentos listados;24154927;24212731;;;2026-03-23;Assinado por Marília Bomtempo em 25/03/2026 e Thiago Pitombeira em 26/03/2026;2026-03-23;Rafaela Nobrega;2026-03-23;Sim;Sim;;
PROJETO;50600.006897/2024-70;2026-03-23;Assinado;Bruno;2026-03-30;MG;00 00619/2024;BR-381;Notificação;Descumprimento dos prazos fixados no Cronograma Físico-Financeiro para entrega de Projeto Básico/Executivo.;Notificar;;24217877;;;2026-03-23;;2026-03-26;Bruno Pimenta Resende;2026-03-23;Sim;Não;;
PROJETO;50600.015453/2025-14;2026-03-24;Assinado;Gabrielle;2026-03-31;BA;-;BR-030;Notificação;Resposta da Notificação;Resposta padrão para cronogramas enviados;24216665;24232161;;;2026-03-24;;2026-03-26;Bruno Pimenta Resende;2026-03-24;Sim;Não;;
PROJETO;50619.000599/2022-13;2026-03-23;Assinado;Gabrielle;2026-03-30;MS;19 00194/2021;BR-419;Projetos;Revisão de Projeto Executivo de OAE da Ponte sobre o Rio Aquidauana e do Viaduto Rodoviário;"Ciencia dos projetos
Envio dos termos de aceite para a empresa";24213338;24226608;24226847;;2026-03-24;;2026-03-26;Bruno Pimenta Resende;2026-03-24;Sim;Não;;
PROJETO;50600.003708/2021-64;2026-03-24;Assinado;Bruno;2026-03-31;MG;-;BR-352;Outros;Portaria de aprovação do projeto executivo de OAE na rodovia BR-352/MG. DPP;Encaminhar para a SRE;24216665;24228492;;;2026-03-24;;2026-03-24;Bruno Pimenta Resende;2026-03-24;Sim;Não;;
PROJETO;50605.002805/2024-32;2026-03-24;Assinado;Bruno;2026-03-31;BA;-;BR-122;Projetos;Contrato 05 00151/2020 - Informação sobre Fluxo de Projetos - BR-122/BA;Encaminhamento para a DPP;24220396;24233339;;;2026-03-24;;2026-03-24;Bruno Pimenta Resende;2026-03-24;Sim;Não;;
PROJETO;50604.001490/2023-35;2026-03-24;Assinado;Gabrielle;2026-03-31;PE;04 00260/2021;BR-423;Projetos;Encaminhamento de análise de projeto referente ao Contrato nº 260/2021, na rodovia BR-432/PE.;Encaminhamento de analise para a empresa;24231878;24240459;;;2026-03-25;;2026-03-26;Bruno Pimenta Resende;2026-03-24;Sim;Não;;
PROJETO;50606.000238/2023-99;2026-03-24;Assinado;Gabrielle;2026-03-31;MG;00 00277/2022;BR-135;Projetos;Emissão de Termo de Aceite para a rodovia BR-135/MG.;"Encaminhamento de termo de aceite
Encaminhamento de projeto para a DPP";24229992;24339271;24339276;24339329;2026-03-31;"1ª Versão - 24261273
1ª Versão - 24301955";2026-04-06;Bruno Pimenta Resende;2026-03-24;Sim;Não;"Bruno Pimenta Resende - 26/03/2026 11:39
Atualizar
----------------------------------------
Gabrielle Afonso Pereira Nogueira - 26/03/2026 14:53
Aguardar encaminhamento para dpp ora fazer ciencia ";
PROJETO;50600.037160/2024-07;2026-03-24;Assinado;Gabrielle;2026-03-31;BA;00 00392/2024;BR-030;Projetos;Análise de projetos referente ao Contrato nº 392/2024, da rodovia BR-030/BA – Lote 2.;"Encaminhamento de relatrios de análise 
Ciência de projetos";24228301;24249848;24250406;;2026-03-26;;2026-03-26;Bruno Pimenta Resende;2026-03-24;Sim;Não;;
ASSESSORIA COAC;50600.025905/2024-87;2026-03-25;Assinado;Rafaela;2026-03-26;BA;-;BR-116;Outros;Lista de questionamentos enviados pela SNTR para subsidiar a ANTT na concessão da Rota dos Sertões BR-116/324/BA/PE;Verificar as informações fornecidas anteriormente e dar seguimento ao que foi solicitado;24232811;24249022;;;2026-03-25;"
Assinado por Marília Bomtempo e Thiago Pitombeira em 26/03/2026";2026-03-25;Rafaela Nobrega;2026-03-25;Sim;Sim;;
PROJETO;50600.023451/2025-91;2026-03-26;Assinado;Bruno;2026-04-02;RS;00 00375/2024;BR-116;Projetos; Entrega do Relatório de Componente Ambiental;Verificar;24251218;24300750;;;2026-03-31;1ª Versão - 24258146;2026-04-06;Bruno Pimenta Resende;2026-03-26;Sim;Não;;
PROJETO;-;2026-03-11;Concluído;Maria Júlia;2026-05-25;-;-;-;Fluxos/POPs/Manuais;Fluxo de Notificações Visio;"Elaboração e Revisão do Fluxo de Notificações.

https://dnitgov-my.sharepoint.com/:u:/g/personal/bruno_resende_dnit_gov_br/IQBIsLHVO372Tb2w3mPELKC0AZjObCwEabVrY_gQsazemlw?e=Lnthr9";;;;;2026-04-13;https://dnitgov-my.sharepoint.com/:u:/g/personal/bruno_resende_dnit_gov_br/IQBIsLHVO372Tb2w3mPELKC0AZjObCwEabVrY_gQsazemlw?e=Lnthr9;2026-04-13;Bruno Pimenta Resende;2026-03-26;Sim;Não;"Bruno Pimenta Resende - 26/03/2026 10:01
Encaminhado para Gabrielle para revisão. Após isso encaminhar para Maria Júlia.";
PROJETO;50622.002567/2025-38;2026-03-26;Assinado;Bruno;2026-04-02;RO;00 00461/2025;BR-425;Projetos;Reiteração - Contrato n.º 461/2025 - Ponte Internacional sobre o Rio Mamoré.;Verificar;23908964;24308189;;;2026-03-31;;2026-04-06;Bruno Pimenta Resende;2026-03-26;Sim;Não;"Bruno Pimenta Resende - 26/03/2026 11:32
Aguardar Reunião que terá amanhã 27/03/2026.";
PROJETO;50600.027469/2025-61;2026-03-26;Assinado;Bruno;2026-04-02;RS;00 00246/2025;BR-392;Notificação;Descumprimento dos prazos fixados no Cronograma Físico-Financeiro para entrega de Projeto Básico/Executivo.;Notificado;;24261049;;;2026-03-26;;2026-04-06;Bruno Pimenta Resende;2026-03-26;Sim;Não;;
ASSESSORIA COAC;50600.010858/2026-39;2026-03-26;Assinado;Rafaela;2026-04-06;PA;00 00011/2021;BR-230;Outros;Prefeitura Municipal de Anapu/PA solicita informações acerca do Contrato nº 011/2021 que consiste na elaboração dos projetos básico e executivo e a execução das obras de construção da ponte sobre o Rio Xingu, na rodovia BR-230/PA;Informar que as informações em questão devem ser obtidas por meio da SEMED ou da DAF;24237574;24272335;;;2026-03-26;Assinado por Marília Bomtempo e Thiago Pitombeira em 27/03/2026;2026-03-26;Rafaela Nobrega;2026-03-26;Sim;Sim;;
PROJETO;50600.027198/2025-44;2026-03-26;Assinado;Bruno;2026-04-02;CE;03 00077/2024;BR-116;Notificação;Descumprimento dos prazos fixados no Cronograma Físico-Financeiro para entrega de Projeto Básico/Executivo.;Notificado;;24261927;;;2026-03-26;;2026-04-06;Bruno Pimenta Resende;2026-03-26;Sim;Não;;
PROJETO;50600.034231/2024-10;2026-03-30;Assinado;Gabrielle;2026-04-06;BA;00 00391/2024;BR-030;Projetos;Manifestação sobre os Ofícios nº 175492/2025/CGDESP/DPP/DNITSEDE e nº 34046/2026/CODESP/CGDR/DPP/DNIT SEDE.;Ciencia de projetos e encaminhamento de analise para a empresa;24281336;24331055;24331065;;2026-04-02;"1ª versão: 24300232
1ª versão: 24301684";2026-04-06;Bruno Pimenta Resende;2026-03-30;Sim;Não;;
ASSESSORIA COAC;50001.135774/2025-85;2026-03-26;Assinado;Maria Júlia;2026-04-02;BA;-;-;FALA-BR;Solicitação de informações sobre a duplicação da BR-101/BA/SE.;Informar sobre os contratos ativos e licitações em andamento no trecho.;24258442;24288213;;;2026-03-30;;2026-04-06;Maria Julia de Miranda Fiel dos Santos;2026-03-30;Sim;Não;;
PROJETO;50600.037160/2024-07;2026-03-31;Assinado;Gabrielle;2026-04-07;BA;00 00392/2024;BR-030;Projetos;Carta n.º 008/2026 - Consórcio Rodovia BR-030 (24297731);Encaminhamento de termos de aceite e ciencia de carta da empresa.;24297755;24302363;24302525;;2026-03-31;;2026-04-06;Bruno Pimenta Resende;2026-03-31;Sim;Não;;
PROJETO;50603.000829/2024-77;2026-04-01;Assinado;Bruno;2026-04-08;CE;03 00077/2024;BR-116;Projetos;Substituição do Item de Brita Graduada;Encaminhamento para a SR;24306811;24313052;;;2026-04-01;;2026-04-06;Bruno Pimenta Resende;2026-04-01;Sim;Não;;
PROJETO;50600.033433/2019-79;2026-04-01;Assinado;Bruno;2026-04-08;SC;16 00192/2019;BR-163;Projetos;"Entrega do Projeto Executivo de Contenções (Volumes I, II e III /
Revisão B). item 11 / km 94+620 a 94+940 (Estaca 807+0,00 da Pista Principal).";Encaminhar para a DPP;24292698;24331461;;;2026-04-02;;2026-04-06;Bruno Pimenta Resende;2026-04-01;Sim;Não;;
PROJETO;50612.002355/2024-99;2026-04-01;Assinado;Gabrielle;2026-04-08;DF/GO;12 00350/2024;BR-070;Projetos;Análise e aceitação dos projetos relativos ao Contrato nº UT-12 0350/2024;Ciencia de projetos, análises e termo de aceite;24313102;24332659;;;2026-04-03;;2026-04-06;Bruno Pimenta Resende;2026-04-01;Sim;Não;;
ASSESSORIA COAC;50600.007532/2025-43;2026-03-31;Assinado;Rafaela;2026-04-02;-;-;-;Outros;Monitoramento do atendimento dos procedimentos e critérios da Portaria MT nº 16/2025 - Emendas parlamentares.;Informar que as informações contidas no relatório já são as mais atualizadas possíveis;24279848;24323338;;;2026-04-01;Assinado por Marília Bomtempo e Thiago Pitombeira em 02/04/2026;2026-04-02;Rafaela Nobrega;2026-04-01;Sim;Sim;;
ASSESSORIA COAC;50600.010132/2026-04;2026-03-31;Assinado;Rafaela;2026-04-07;-;-;-;Outros;Portaria Conjunta MPO/MGI/SRI-PR nº 2 de 15 de janeiro de 2026 – Procedimentos e prazos para operacionalização de emendas parlamentares;Informar ciência do conteúd apresentado;24285240;24324076;;;2026-04-01;Assinado por Marília Bomtempo em 02/04/2026 e por Thiago Pitombeira em 06/04/2026;2026-04-01;Rafaela Nobrega;2026-04-01;Sim;Não;;
ASSESSORIA COAC;50600.007775/2026-62;2026-04-01;Assinado;Maria Júlia;2026-04-08;MG;-;-;ANTT;Celebração dos Termo de Arrolamento e Reversão de Bens (TARB) e Termo de Arrolamento e Transferência de Bens (TATB) das rodovias BR-153/GO e BR-153/262/MG (Rota Sertaneja).;Atestar ciência.;24323099;24333609;;;2026-04-07;;2026-04-07;Maria Julia de Miranda Fiel dos Santos;2026-04-02;Sim;Não;;
PROJETO;50600.015748/2024-00;2026-04-06;Assinado;Bruno;2026-04-13;AL;00 00057/2024;BR-349;Projetos;Emissão de Termo de Aceite para a rodovia BR-349/AL/SE - Contrato nº 57/2024 - Lote 2.;Encaminhar para empresa;24340384;24353063;24359497;;2026-04-06;;2026-04-07;Bruno Pimenta Resende;2026-04-06;Sim;Não;;
PROJETO;50609.000300/2022-31;2026-04-06;Assinado;Bruno;2026-04-13;RR;-;-;Projetos;Publicação da portaria de aprovação do projeto executivo de engenharia na rodovia BR-401/RR.;Encaminhar para SR após conversa com Marília e Cristiano;24337288;24347063;;;2026-04-06;;2026-04-13;Bruno Pimenta Resende;2026-04-06;Sim;Não;;
PROJETO;50606.000347/2025-78;2026-04-06;Assinado;Gabrielle;2026-04-13;MG;00 00619/2024;BR-381;Projetos;Encaminhamento dos Estudos Geotécnicos – Rev. A da Rodovia BR-381/MG;Ciência e Encaminhamento;24346621;24358416;24358443;;2026-04-06;"1ª versão - 24348341
1ª versão - 24348472";2026-04-06;Bruno Pimenta Resende;2026-04-06;Sim;Não;;
PROJETO;50609.004210/2023-09;2026-04-06;Assinado;Gabrielle;2026-04-13;PR;09 00397/2021;BR-487;Projetos;Entrega da Revisão 1 do Projeto Básico de Desapropriação e  Relatório deProgramação- RP (Volume 3D) da BR-487 Lote 2A ;Ciencia ;24348342;24405330;24405334;;2026-04-09;;2026-04-13;Gabrielle Afonso Pereira Nogueira;2026-04-06;Sim;Não;;
PROJETO;50622.003125/2025-17;2026-04-06;Assinado;Gabrielle;2026-04-13;RO;00 00461/2025;BR-425;Projetos;Relatório de Análise de Estudos Hidrológicos;Encaminhamento de analise e nota técnica;24351769;24405412;;;2026-04-09;;2026-04-13;Gabrielle Afonso Pereira Nogueira;2026-04-06;Sim;Não;;
PROJETO;50600.033433/2019-79;2026-04-07;Assinado;Gabrielle;2026-04-14;SC;16 00192/2019;BR-163;Projetos;Projeto Executivo de Contenções (Volumes I, II e III /Revisão B). Item 11 / km 94+620 a 94+940 (Estaca 807+0,00 da Pista Principal).;Encaminhamento de projeto para DPP;24359149;24388655;;;2026-04-09;;2026-04-13;Gabrielle Afonso Pereira Nogueira;2026-04-07;Sim;Não;;
PROJETO;50600.031376/2022-99;2026-04-07;Assinado;Gabrielle;2026-04-14;PR;09 00070/2022;BR-376;Projetos;Encaminhamento do relatório de análise de projeto referente ao Contrato nº 70/2022.;Encaminhamento de analise e projeto ;24363446;24381910;24381952;;2026-04-09;;2026-04-13;Gabrielle Afonso Pereira Nogueira;2026-04-07;Sim;Não;;
PROJETO;50623.001914/2025-03;2026-04-09;Assinado;Gabrielle;2026-04-16;TO;00 00958/2024;BR-226;Projetos;Análise de Projeto - Contrato nº 958/2024 - rodovia BR-226/TO.;Ciencia de análise;24390764;24413192;;;2026-04-10;;2026-04-13;Gabrielle Afonso Pereira Nogueira;2026-04-09;Sim;Não;;
PROJETO;50622.002567/2025-38;2026-04-09;Assinado;Gabrielle;2026-04-16;RO;00 00461/2025;BR-425;Projetos;Ponte Internacional sobre o Rio Mamoré entre as cidades de Guayaramerín (Bolívia) e Guajará Mirim (Brasil) - Encaminhamento de documentação técnica.;Encaminhar para SR;24387899;24468579;;;2026-04-15;1ª versão - 24434299;2026-04-23;Bruno Pimenta Resende;2026-04-09;Sim;Não;;
PROJETO;50606.000347/2025-78;2026-04-09;Assinado;Bruno;2026-04-16;MG;00 00619/2024;BR-381;Projetos;Análise de projetos e emissão do termo de aceite - Contrato nº 619/2024.;Encamihamento de termo de aceite para a empresa;24395714;24413535;;;2026-04-10;;2026-04-13;Gabrielle Afonso Pereira Nogueira;2026-04-09;Sim;Não;;
ASSESSORIA COAC;50611.003654/2023-70;2026-04-09;Assinado;Rafaela;2026-04-16;MT;-;BR-070;DNIT/SRE;Termo de Transferência nº 7 de 2026 (23594349) concernente à alienação, por meio de doação, à Prefeitura Municipal de Pontal do Araguaia/MT de trecho da rodovia federal BR-070/MT situado entre a Divisa GO/MT e a ponte sobre o Rio Garças;Conceder ciência às informações enviadas;24395093;24406894;;;2026-04-09;;2026-04-10;Rafaela Nobrega;2026-04-09;Sim;Não;;
PROJETO;50600.003198/2025-59;2026-04-09;Assinado;Gabrielle;2026-04-16;PA;02 00261/2024;BR-230;Projetos;Emissão de Termo de Aceite para a rodovia BR-230/PA - Contrato nº 261/2024.;Ciencia do termo de aceite;24395488;24413734;;;2026-04-10;;2026-04-13;Gabrielle Afonso Pereira Nogueira;2026-04-09;Sim;Não;;
PROJETO;50600.007228/2025-04;2026-04-09;Assinado;Gabrielle;2026-04-16;BA;00 00379/2024;BR-116;Projetos;Emissão de Termo de Aceite para a rodovia BR-116/BA.;Encaminhamento de termo de aceite;24396988;24408008;;;2026-04-10;;2026-04-10;Gabrielle Afonso Pereira Nogueira;2026-04-09;Sim;Não;;
PROJETO;50606.003862/2025-18;2026-04-10;Assinado;Gabrielle;2026-04-17;MG;00 00041/2025;BR-381;Projetos;Emissão de Termo de Aceite - Estudos Geotécnicos do Contrato nº 41/2025 (BR-381/MG - Lote 8B).;Encaminhamento de termo de aceite;24403677;24414184;;;2026-04-10;;2026-04-13;Gabrielle Afonso Pereira Nogueira;2026-04-10;Sim;Não;;
PROJETO;50600.027157/2025-58;2026-04-13;Assinado;Bruno;2026-04-30;MG;-;BR-135;Notificação;Descumprimento dos prazos fixados no Cronograma Físico-Financeiro para entrega de Projeto Básico/Executivo.;Contrato 00 00277/2022 e 00 00619/2024 notificar;;24630895;;;2026-05-04;;2026-05-06;Bruno Pimenta Resende;2026-04-10;Sim;Não;"Bruno Pimenta Resende - 13/04/2026 13:54
Bom dia Bruno. Falei agora com o fiscal Diogo, ele me disse que entrará em contato com vc. Já existe uma tratativa de adequação do cronograma em andamento, ele pediu correções e disse que irá cobrar do consórcio.
----------------------------------------
Bruno Pimenta Resende - 15/04/2026 14:48
Aguardar até semana que vem (22/04/2026), pois haverá uma reunião com a DPP para alinhamento do cronograma.
----------------------------------------
Bruno Pimenta Resende - 27/04/2026 14:39
Verificar com Marília dia 30/04";
PROJETO;50600.027265/2025-21;2026-04-13;Assinado;Bruno;2026-04-20;MT;-;BR-158;Notificação;Descumprimento dos prazos fixados no Cronograma Físico-Financeiro para entrega de Projeto Básico/Executivo.;Notificar pedindo portaria de aprovação de todos os projetos.;;24441442;;;2026-04-14;;2026-04-23;Bruno Pimenta Resende;2026-04-10;Sim;Não;"Bruno Pimenta Resende - 14/04/2026 15:48
Notificado. Quando assinado, alterar aba Cronogramas na planilha com data e informação que foi notificado.";
PROJETO;50600.015618/2025-40;2026-04-10;Assinado;Bruno;2026-05-11;PA;-;BR-230;Notificação;Descumprimento dos prazos fixados no Cronograma Físico-Financeiro para entrega de Projeto Básico/Executivo.;"Notificado os dois contratos:
02 00261/2024
02 00398/2024";24526407;24726029;;;2026-05-12;;2026-05-18;Bruno Pimenta Resende;2026-04-10;Sim;Não;"Bruno Pimenta Resende - 10/04/2026 10:40
Aguardar 7 dias após o recebimento do Ofício 106007 (SEI nº 24407568). Caso não responda, notificar a SR.
----------------------------------------
Bruno Pimenta Resende - 27/04/2026 14:38
Após conversa com a Marília, pediu + 2 semanas a entrega dos projeto. Coso exceda esse prazo, notificar.
----------------------------------------
Bruno Pimenta Resende - 04/05/2026 16:10
Ofício 112182 (SEI nº 24462872) último documento relacionado a Rescisão amigável. Contrato 02 00398/2024 paralisado.";
PROJETO;50603.000829/2024-77;2026-04-10;Assinado;Bruno;2026-04-17;CE;03 00077/2024;BR-116;Projetos;Projeto Básico de OAE - Alargamento do Rio Choró;Ciência;24412352;;;;2026-04-10;;2026-04-13;Gabrielle Afonso Pereira Nogueira;2026-04-10;Sim;Não;;
PROJETO;50619.000790/2024-19;2026-04-10;Assinado;Gabrielle;2026-04-17;MS;19 00758/2023;BR-267;Projetos;Encaminhamento do Projeto Básico / Executivo de Pavimentação R02 ;Ciencia ;24414086;24435817;;;2026-04-14;;2026-04-15;Bruno Pimenta Resende;2026-04-10;Sim;Não;;
PROJETO;50606.000347/2025-78;2026-04-13;Assinado;Gabrielle;2026-04-20;MG;00 00619/2024;BR-381;Projetos;Encaminhamento do Projeto de Contenções e Estabilização de Taludes – Rev. A da Rodovia BR-381/MG – Lote 8A ;Ciencia de projetos DIR;24430547;24435375;;;2026-04-14;;2026-04-15;Bruno Pimenta Resende;2026-04-13;Sim;Não;;
PROJETO;50600.037160/2024-07;2026-04-14;Assinado;Gabrielle;2026-04-21;BA;00 00392/2024;BR-030;Projetos;Resposta das análises;"Ciencia
Encaminhamento de análise
Acesso ao processo ";24440628;24518110;24519204;;2026-04-22;"24480209
24480827";2026-04-23;Bruno Pimenta Resende;2026-04-14;Sim;Não;"Bruno Pimenta Resende - 16/04/2026 16:42
Atualizar
----------------------------------------
Bruno Pimenta Resende - 22/04/2026 11:05
Aguardar SR/BA tomar decisão sobre acesso ao processo";
PROJETO;50600.042399/2025-71;2026-04-14;Assinado;Bruno;2026-04-21;PR;-;BR-277;Projetos;Encaminhamento de As Built;Ciência e encaminhamento para a SR/PR;24433713;24471853;;;2026-04-15;;2026-04-23;Bruno Pimenta Resende;2026-04-14;Sim;Não;"Bruno Pimenta Resende - 14/04/2026 10:20
Verificar com Marília. CD 211/2019 - As Built";
PROJETO;50603.000829/2024-77;2026-04-16;Assinado;Bruno;2026-04-23;CE;03 00077/2024;BR-116;Projetos;Projeto Básico (Parcial) – Projeto de OAE - Viaduto Acesso Sul de Pacajus;Ciência;24467639;24475192;;;2026-04-16;;2026-04-23;Bruno Pimenta Resende;2026-04-16;Sim;Não;;
PROJETO;50600.034231/2024-10;2026-04-16;Assinado;Gabrielle;2026-04-23;BA;00 00391/2024;BR-030;Projetos;Análise de Estudo de Concepção de OAE e Projeto Básico de Terraplenagem - Emissão de Termo de Aceite de Estudo Topográfico;Encaminhamento de análise e termo de aceite;24477462;24518591;;;2026-04-22;24501141;2026-04-23;Bruno Pimenta Resende;2026-04-16;Sim;Não;;
PROJETO;50609.004210/2023-09;2026-04-17;Assinado;Gabrielle;2026-04-24;PR;09 00397/2021;BR-487;Projetos;Revisão do Projeto Executivo de OAE da BR-487 Lote 2A;Encaminhamento para a DPP;24495467;24501904;;;2026-04-17;;2026-04-23;Bruno Pimenta Resende;2026-04-17;Sim;Não;;
PROJETO;50606.003862/2025-18;2026-04-17;Assinado;Gabrielle;2026-04-24;MG;00 00041/2025;BR-381;Projetos;Contrato nº 00.00041/2025 – BR-381/MG - Lote 8B.;Ciencia de análise;24483273;24545053;;;2026-04-27;;2026-04-27;Bruno Pimenta Resende;2026-04-17;Sim;Não;;
PROJETO;50600.023451/2025-91;2026-04-22;Assinado;Gabrielle;2026-04-29;RS;00 00375/2024;BR-116;Projetos;Entrega do Relatório do Projeto Básico e Executivo de Terraplenagem;"Encaminhamento pra DPP
Encaminhamento de relatorio a empresa";24505390;24561676;24561914;;2026-04-27;;2026-04-27;Bruno Pimenta Resende;2026-04-22;Sim;Não;;
PROJETO;50612.002355/2024-99;2026-04-22;Assinado;Bruno;2026-04-29;DF/GO;12 00350/2024;BR-070;Projetos;Atualização do andamento do contrato.;Ciência e encaminhamento;24492248;24570467;24570904;;2026-04-27;;2026-04-27;Bruno Pimenta Resende;2026-04-22;Sim;Não;;
ASSESSORIA COAC;50600.025905/2024-87;2026-04-22;Assinado;Maria Júlia;2026-04-29;BA;-;-;Ministério;Diretrizes determinadas pelo Ministério dos Transportes a respeito das obras localizadas em trecho integrantes do projeto de concessão da BR-116/324/BA/PE (Rota dos Sertões). ;Dar ciência.;24505617;24512072;;;2026-04-22;;2026-04-28;Maria Julia de Miranda Fiel dos Santos;2026-04-22;Sim;Não;;
PROJETO;50603.002068/2024-98;2026-04-22;Assinado;Bruno;2026-04-29;CE;03 00077/2024;BR-116;Projetos;Entrega do Relatório de Metodologia Avaliatória (RMA) - Desapropriação – BR-116/CE;Ciência;24504680;24518966;;;2026-04-22;;2026-04-23;Bruno Pimenta Resende;2026-04-22;Sim;Não;;
PROJETO;50606.000347/2025-78;2026-04-22;Assinado;Gabrielle;2026-04-29;MG;00 00619/2024;BR-381;Projetos;Relatório de Análises Drenagem e Estudos de Tráfego;"Encaminhamento para empresa
";24505825;24553760;;;2026-04-27;;2026-05-06;Bruno Pimenta Resende;2026-04-22;Sim;Não;;
ASSESSORIA COAC;50001.083163/2026-25;2026-04-23;Assinado;Rafaela;2026-05-05;-;-;-;FALA-BR;Solicitação de acompanhamento da evolução das obras ao longo do tempo para fins de pesquisa acadêmica;Informar sobre o Portal Cidadão e das informações nele contidas;24522240;24536004;;;2026-04-23;Assinado por Marília Bomtempo e Thiago Pitombeira em 24/04/2026;2026-04-23;Rafaela Nobrega;2026-04-23;Sim;Sim;;
PROJETO;50600.037160/2024-07;2026-04-23;Assinado;Bruno;2026-04-30;BA;00 00392/2024;BR-030;Projetos;Pedido de acesso ao processo e análise;Pedido aceito;24475964;24539302;24543150;;2026-04-23;;2026-04-27;Bruno Pimenta Resende;2026-04-23;Sim;Não;;
PROJETO;50622.002567/2025-38;2026-04-23;Assinado;Gabrielle;2026-04-30;RO;00 00461/2025;BR-425;Projetos;Encaminhamento de documentação técnica - Ponte Internacional sobre o Rio Mamoré.;Ciencia;24524315;24551392;;;2026-04-27;;2026-04-27;Bruno Pimenta Resende;2026-04-23;Sim;Não;;
PROJETO;50600.031376/2022-99;2026-04-23;Assinado;Gabrielle;2026-04-30;PR;09 00070/2022;BR-376;Projetos;Análise de projetos e inclusão de documentos - Contrato nº 70/2022 (BR-376/PR).;"Aguardando SR enviar os projetos para a DPP.
Atualizar.";24524188;24632412;24632996;;2026-05-04;;2026-05-06;Bruno Pimenta Resende;2026-04-23;Sim;Não;;
ASSESSORIA COAC;50600.013670/2026-42;2026-04-23;Assinado;Rafaela;2026-05-05;MG;-;BR-262;Outros;Solicitação de Informações pela Comunidade Quilombola de Vila Santa Efigênia (Mariana/MG);Informar que não existem contratos ativos para a BR informada;24497346;24544145;;;2026-04-24;Assinado por Marília Bomtempo e Thiago Pitombeira em 24/04/2026;2026-04-24;Rafaela Nobrega;2026-04-24;Sim;Sim;;
ASSESSORIA COAC;50600.014723/2026-42;2026-04-24;Assinado;Maria Júlia;2026-05-01;RS;-;-;Ministério;Solicitação da FECOMÉRCIO/RS de priorização da construção de ponte entre os municípios Rio Grande e São José do Norte na BR-101/RS, no Estado do Rio Grande do Sul.;Informar sobre a inexistência de contratos no trecho.;24540103;24550181;;;2026-04-24;;2026-04-24;Maria Julia de Miranda Fiel dos Santos;2026-04-24;Sim;Não;;
ASSESSORIA COAC;50600.014226/2026-44;2026-04-24;Assinado;Maria Júlia;2026-05-01;SC;-;-;Ministério;Solicitação de desconsideração de requerimento de complementação de informações.;Dar ciência.;24538930;24552156;;;2026-04-24;;2026-04-27;Maria Julia de Miranda Fiel dos Santos;2026-04-24;Sim;Não;;
PROJETO;50600.014362/2025-53;2026-04-27;Assinado;Bruno;2026-05-04;AL;00 00608/2024;BR-101;Notificação;Descumprimento dos prazos fixados no Cronograma Físico-Financeiro para entrega de Projeto Básico/Executivo.;"Aguardar resposta do Nicolas à Marília.
Notificar:
00 00608/2024 - BR-101/AL - Lote 2
";;24804136;;;2026-05-19;"23790710 - Notificação
24609186 - Cronograma Penedo Neópolis";2026-05-19;Bruno Pimenta Resende;2026-04-27;Sim;Não;"Bruno Pimenta Resende - 27/04/2026 14:28
Aguardar resposta do Nicolas à Marília.
Verificar os projetos do contrato 00 00636/2024";
PROJETO;50600.027428/2025-75;2026-04-27;Assinado;Gabrielle;2026-05-04;PR;-;-;Notificação;Descumprimento dos prazos fixados no Cronograma Físico-Financeiro para entrega de Projeto Básico/Executivo.;"Aguardar 2 semanas a decisão do PAAR e da prorrogação de prazo. 24577201
Notificar 09 00397/2021 e 09 00070/2022";;24749154;;;2026-05-15;;2026-05-18;Bruno Pimenta Resende;2026-04-27;Sim;Não;"Bruno Pimenta Resende - 27/04/2026 14:42
Aguardar 2 semanas a decisão do PAAR e a prorrogação de prazo.";
PROJETO;50600.017297/2026-07;2026-04-27;Assinado;Bruno;2026-05-15;RN;14 00070/2026;BR-304;Notificação;Descumprimento dos prazos fixados no Cronograma Físico-Financeiro para entrega de Projeto Básico/Executivo.;Notificar por cronograma referencial;;24736270;;;2026-04-27;;2026-05-18;Bruno Pimenta Resende;2026-04-27;Sim;Não;"Bruno Pimenta Resende - 27/04/2026 14:49
Aguardar 2 semanas, pois foi pedido ativação cadastral no SIAC - 24533459";
PROJETO;50605.000092/2026-34;2026-07-02;Assinado;Gabrielle;2026-07-15;BA;05 00068/2026;BR-101;Notificação;Descumprimento dos prazos fixados no Cronograma Físico-Financeiro para entrega de Projeto Básico/Executivo.;"Notificar
Cronograma Revisado (24488746) atrasado
Ofício 128580 (24609186) ofício indicando pra SR analisar.";;25250453;;;2026-07-03;;2026-07-07;Bruno Pimenta Resende;2026-04-27;Não;Não;"Bruno Pimenta Resende - 27/04/2026 14:49
Aguardar aproximadamente 30 dias, pois a empresa encaminhou o cronograma para apreciação da SR. Aguardando análise da SR.";
ASSESSORIA COAC;50600.015550/2026-80;2026-04-28;Assinado;Maria Júlia;2026-05-05;BA;-;-;DNIT/SRE;Diretrizes determinadas pelo Ministério dos Transportes a respeito das obras localizadas em trecho integrantes do projeto de concessão da BR-116/324/BA/PE (Rota dos Sertões). ;Encaminhar informações à Superintendência Regional do DNIT no Estado da Bahia.;24579567;24579604;;;2026-04-28;;2026-05-04;Maria Julia de Miranda Fiel dos Santos;2026-04-28;Sim;Não;;
ASSESSORIA COAC;50600.002599/2024-19;2026-04-27;Assinado;Maria Júlia;2026-05-04;-;-;-;Outros;Indicadores Estratégicos do Planejamento Estratégico Institucional (PEI) 2023-2026.;Preenchimento de planilha com os dados relativos ao período de janeiro a março de 2026.;24544392;24573750;24573693;;2026-04-28;;2026-04-28;Maria Julia de Miranda Fiel dos Santos;2026-04-28;Sim;Não;;
PROJETO;50600.034231/2024-10;2026-04-28;Assinado;Gabrielle;2026-05-05;BA;00 00391/2024;BR-116;Projetos;Análise do Projeto - Contrato nº 391/2024 - rodovia BR-030/BA - Lote 01.;"Encaminhamento para empresa 
Ciencia de análises
";24577982;24657891;24657914;;2026-05-05;;2026-05-07;Bruno Pimenta Resende;2026-04-28;Sim;Não;"Bruno Pimenta Resende - 05/05/2026 07:41
Atualizar";
PROJETO;50605.003045/2025-61;2026-04-29;Assinado;Gabrielle;2026-05-06;BA;00 00379/2024;BR-116;Projetos;Emissão de Termo de Aceite para a rodovia BR116/BA - Contrato nº 379/2024.;Encaminhamento de termo de aceite ;24589933;24600351;;;2026-04-29;;2026-05-06;Bruno Pimenta Resende;2026-04-29;Sim;Não;;
PROJETO;50600.033433/2019-79;2026-04-29;Assinado;Gabrielle;2026-05-06;SC;16 00192/2019;BR-163;Projetos;Emissão de Termo de Aceite - rodovia BR-163/SC - Contrato nº 192/2019.;Encaminhamento de termo de aceite para a empresa;24589261;24607384;;;2026-04-30;;2026-05-06;Bruno Pimenta Resende;2026-04-29;Sim;Não;;
PROJETO;50605.000092/2026-34;2026-04-29;Assinado;Gabrielle;2026-05-06;BA;05 00068/2026;BR-101;Projetos;Emissão de Termo de Aceite para a rodovia BR-101/BA - Contrato nº 68/2026.;"Encaminhamento para empresa
Ciencia com referencia ao oficio circular";24589689;24608568;24609186;;2026-04-30;;2026-05-06;Bruno Pimenta Resende;2026-04-29;Sim;Não;;
PROJETO;50606.000238/2023-99;2026-04-30;Assinado;Gabrielle;2026-05-07;MG;00 00277/2022;BR-135;Projetos;Termo de Aceite - Contrato nº 277/2022 (BR-135/MG).;Encaminhamento para empresa ;24594255;24614920;;;2026-04-30;;2026-05-06;Bruno Pimenta Resende;2026-04-30;Sim;Não;;
PROJETO;50612.002355/2024-99;2026-05-04;Assinado;Bruno;2026-05-11;DF/GO;12 00350/2024;BR-070;Projetos;Atualização do andamento do contrato.;Ciência de Termo de Aceite;24616721;24622733;;;2026-05-04;;2026-05-06;Bruno Pimenta Resende;2026-05-04;Sim;Não;;
PROJETO;50600.023451/2025-91;2026-05-04;Assinado;Bruno;2026-05-11;RS;00 00375/2024;BR-116;Projetos;Entrega do Relatório do Projeto Executivo Geométrico e Pavimentação;Encaminhamento de Projetos para a DPP;24617882;24629750;;;2026-05-04;1ª versão - 24623266;2026-05-06;Bruno Pimenta Resende;2026-05-04;Sim;Não;;
ASSESSORIA COAC;50001.077994/2026-68;2026-05-04;Assinado;Rafaela;2026-05-11;AM;-;BR-319;FALA-BR;Solicitação de informações formalizada junto ao FALA.BR/Serviço de Informação ao Cidadão referente ao recente anúncio pelo Ministério dos Transportes sobre o início da licitação de obras estruturantes da rodovia BR-319;Informar que o anúncio em questão não é de competência desta coordenação;24616672;24632592;;;2026-05-04;Assinado por Marília Bomtempo e Thiago Pitombeira em 04/05/2026;2026-05-04;Rafaela Nobrega;2026-05-04;Sim;Não;;
ASSESSORIA COAC;50600.015284/2026-95;2026-05-04;Assinado;Maria Júlia;2026-05-14;MG;-;-;Outros;Solicitação de informações referentes aos Lotes 8A e 8B da rodovia BR-381/MG.;Informar sobre os contratos: cronograma e orçamento.;24618741;24643746;;;2026-05-05;;2026-05-07;Maria Julia de Miranda Fiel dos Santos;2026-05-05;Sim;Sim;;
ASSESSORIA COAC;50600.015459/2026-64;2026-05-05;Assinado;Rafaela;2026-05-12;MG;-;-;ANTT;Solicitação de informações sobre trechos urbanos das BR-365/MG, BR-050/MG e BR-452/MG no Município de Uberlândia/MG;Informar que para o município em questão não existem contratos ativos;24643856;24657673;;;2026-05-06;Assinado por Marília Bomtempo e Thiago Pitombeira em 07/05/2026;2026-05-07;Rafaela Nobrega;2026-05-06;Sim;Não;;
ASSESSORIA COAC;50600.029924/2025-63;2026-04-27;Assinado;Maria Júlia;2026-05-04;RS;-;-;ANTT;Encaminhamento de estudos comparativos elaborados pela Concessionária Ecovias Sul a respeito do Viaduto de acesso a São Lourenço do Sul, na BR-116/RS.;Informar quanto aos contratos e o TARB já celebrado.;24574268;24660515;;;2026-05-06;;2026-05-07;Maria Julia de Miranda Fiel dos Santos;2026-05-06;Sim;Sim;;
ASSESSORIA COAC;50600.016376/2026-92;2026-05-06;Assinado;Rafaela;2026-05-06;-;-;-;DNIT/SRE;Levantamento de Necessidades - Mecanismo de Compra Assistida / Novo PAC;Informar que as informações devem ser coletadas junto à CGDR;24656947;24666344;;;2026-05-06;Assinado por Marília Bomtempo e Thiago Pitombeira em 07/05/2026;2026-05-06;Rafaela Nobrega;2026-05-06;Sim;Sim;;
PROJETO;50600.031376/2022-99;2026-05-06;Assinado;Gabrielle;2026-05-13;PR;09 00070/2022;BR-376;Projetos;Relatório de Análise - Contrato nº 70/2022 - rodovia BR-376/PR.;Encaminhamento de análise;24657314;24676188;;;2026-05-07;;2026-05-08;Bruno Pimenta Resende;2026-05-06;Não;Não;;
ASSESSORIA COAC;50600.014226/2026-44;2026-05-05;Assinado;Maria Júlia;2026-05-12;SC;-;-;Outros;Solicitação de desconsideração de manifestação da COPAR-DG sobre a inclusão do projeto ligando Barra do Guarita a Itapiranga, em Santa Catarina, por meio da BR-163/SC, no âmbito do Novo Programa de Aceleração do Crescimento (Novo PAC).;Concluir processo.;24640727;24666660;;;2026-05-06;;2026-05-07;Maria Julia de Miranda Fiel dos Santos;2026-05-06;Sim;Sim;;
ASSESSORIA COAC;50605.000191/2026-16;2026-05-04;Assinado;Maria Júlia;2026-05-11;BA;-;-;DNIT/SRE;Solicitação de declaração a fim de viabilizar a contratação de empresa para executar o assessoramento e suporte técnico à SRE/BA.;Concluir processo.;24223534;24666908;;;2026-05-06;;2026-05-07;Maria Julia de Miranda Fiel dos Santos;2026-05-06;Sim;Sim;;
PROJETO;50600.015748/2024-00;2026-05-07;Assinado;Bruno;2026-05-14;AL;00 00057/2024;BR-349;Projetos;Emissão de Termo de Aceite Contrato nº 57/2024​​ - Ponte Penedo-Neópolis;Encaminhamento de Termo de Aceite para a empresa.;24655793;24671520;;;2026-05-07;;2026-05-07;Bruno Pimenta Resende;2026-05-07;Sim;Não;;
PROJETO;50600.023451/2025-91;2026-05-07;Assinado;Bruno;2026-05-14;RS;00 00375/2024;BR-116;Projetos;Entrega do Relatório do Projeto Básico e Executivo de Obras Complementares;Verificar;24667366;24682447;24682674;;2026-05-07;;2026-05-12;Bruno Pimenta Resende;2026-05-07;Sim;Não;;
PROJETO;50623.000432/2020-13;2026-05-07;Assinado;Gabrielle;2026-05-14;TO;-;BR-153;Projetos;As built - Contrato nº 565/2012-23, celebrado com a empresa MAIA MELO ENGENHARIA LTDA.;Ciencia de As Built;24656810;24677126;;;2026-05-07;;2026-05-12;Bruno Pimenta Resende;2026-05-07;Sim;Não;;
PROJETO;50622.002567/2025-38;2026-05-07;Assinado;Bruno;2026-05-14;RO;00 00461/2025;BR-425;Projetos;Indicações de pontos focais designados pela Bolívia, para tratar dos assuntos relacionados aos estudos técnicos a serem realizados em território boliviano, concernente às obras da Ponte Internacional sobre o Rio Mamoré, ligando Guajará-Mirim (Brasil);Ciência e encaminhamento para a SR;24658851;24683022;;;2026-05-07;;2026-05-12;Bruno Pimenta Resende;2026-05-07;Sim;Não;;
ASSESSORIA COAC;50600.000572/2022-11;2026-05-07;Assinado;Maria Júlia;2026-05-14;PR;-;-;ANTT;Termo de Arrolamento e Transferência de Bens (TATB) referente ao Lote PR5 do projeto Rodovias Integradas do Paraná.;Dar ciência.;24681459;24690709;;;2026-05-08;;2026-05-11;Maria Julia de Miranda Fiel dos Santos;2026-05-08;Sim;Não;;
ASSESSORIA COAC;50001.092633/2026-41;2026-05-07;Assinado;Rafaela;2026-05-19;-;-;-;FALA-BR;Solicitação de informações formalizada na plataforma FALA.BR da relação dos contratos de obras públicas rodoviárias firmados no ano de 2025;Informar a lista das informações acreca dos contratos efetivados em 2025;24676484;24696747;;;2026-05-08;Assinado por Marília Bomtempo e Thiago Pitombeira em 11/05/2026;2026-05-11;Rafaela Nobrega;2026-05-08;Sim;Sim;;
PROJETO;50600.006897/2024-70;2026-05-11;Assinado;Gabrielle;2026-05-18;MG;00 00619/2024;BR-381;Projetos;Contrato 00 00619/2024 – Aprovação cronograma revisado;Ciência e atualizar a planilha;24689074;24715529;;;2026-05-11;;2026-05-12;Bruno Pimenta Resende;2026-05-11;Sim;Não;;
PROJETO;50600.031376/2022-99;2026-05-12;Assinado;Gabrielle;2026-05-19;PR;09 00070/2022;BR-376;Projetos;Atendimento ao Ofício 135894 (SEI nº 24676188). e Termo de Aceite;Encaminhamento pra empresa;24720439;24789850;24789859;;2026-05-13;"24741862
24748897";2026-05-18;Bruno Pimenta Resende;2026-05-12;Sim;Não;;
ASSESSORIA COAC;50600.017202/2026-47;2026-05-13;Assinado;Rafaela;2026-05-19;-;-;-;Parlamentares;Solicitação de informações acerca das ações e medidas adotadas pelo Governo Federal para o enfrentamento dos gargalos logísticos da Região Norte;Informar que o assunto deve ser tratado na DPP;24734556;24748619;;;2026-05-13;Documento assinado por Marília Bomtempo e Thiago Pitombeira em 18/05/2026;2026-05-18;Rafaela Nobrega;2026-05-13;Sim;Sim;;
ASSESSORIA COAC;50609.004196/2023-35;2026-05-14;Assinado;Rafaela;2026-05-21;PR;-;-;DNIT/SRE;Publicação do 1º Termo Aditivo ao Termo de Transferência nº 13/2026;Dar ciência;24740799;24760605;;;2026-05-14;Assinado por Marília Bomtempo e Thiago Pitombeira em 19/05/2026;2026-05-19;Rafaela Nobrega;2026-05-14;Sim;Não;;
PROJETO;50600.037160/2024-07;2026-05-14;Assinado;Bruno;2026-05-21;BA;00 00392/2024;BR-030;Projetos;"Processo SEI de referência 50600.037160/2024-07 - Resposta
ao Ofício Nº 118000 / 2026 / COAC / CGCONT / DIR / DNIT SEDE.";Encaminhamento e ciência;24654953;24776317;24777356;;2026-05-15;;2026-05-18;Bruno Pimenta Resende;2026-05-14;Sim;Não;;
PROJETO;50619.000790/2024-19;2026-05-14;Assinado;Bruno;2026-05-21;MS;19 00758/2023;BR-267;Projetos;Encaminhamento de Análise - Projeto PB/PE de Pavimentação/Drenagem e OACs;Verificar;24736416;24808762;;;2026-05-27;;2026-05-27;Bruno Pimenta Resende;2026-05-14;Sim;Não;;
PROJETO;50606.000347/2025-78;2026-05-14;Assinado;Bruno;2026-05-21;MG;00 00619/2024;BR-381;Projetos;Relatório de Análise de Projeto - Contrato nº 619/2024 – rodovia BR-381/MG (Lote 8A).;Encaminhamento de projetos, encaminhamento de análise e ciência de análise.;24756474;24774962;;;2026-05-15;;2026-05-19;Bruno Pimenta Resende;2026-05-14;Sim;Não;;
PROJETO;50600.023451/2025-91;2026-05-14;Assinado;Bruno;2026-05-21;RS;00 00375/2024;BR-116;Projetos;Encaminhamento de Nota Técnica - Contrato nº 375/2024 - rodovia BR-116/RS.;Ciência de encaminhamento;24751589;24774420;;;2026-05-15;;2026-05-18;Bruno Pimenta Resende;2026-05-14;Sim;Não;;
PROJETO;50600.027198/2025-44;2026-05-18;Assinado;Bruno;2026-05-25;CE;03 00077/2024;BR-116;Notificação;Descumprimento dos prazos fixados no Cronograma Físico-Financeiro para entrega de Projeto Básico/Executivo.;"Verificar:
03 0077/2024 -  BR-116/CE - Pacajus";;24804791;;;2026-05-19;03 0077/2024 -  BR-116/CE - Pacajus - Publicou o Termo Aditivo e ainda não há cronograma;2026-05-19;Bruno Pimenta Resende;2026-05-18;Sim;Não;;
ASSESSORIA COAC;50609.000508/2025-01;2026-05-15;Assinado;Maria Júlia;2026-05-22;PR;-;-;DNIT/SRE;Publicação do Termo de Transferência referente à alienação da travessia urbana da BR-376/PR, em Mandaguari, no Paraná.;Atestar ciência.;24770409;24794782;;;2026-05-18;;2026-05-19;Maria Julia de Miranda Fiel dos Santos;2026-05-18;Sim;Não;;
PROJETO;50600.015633/2025-98;2026-05-18;Assinado;Bruno;2026-05-25;PE;04 00260/2021;BR-423;Notificação;Descumprimento dos prazos fixados no Cronograma Físico-Financeiro para entrega de Projeto Básico/Executivo.;"Verificar:
04 00260/2021 - BR-423/PE";;24807461;;;2026-05-19;;2026-05-27;Bruno Pimenta Resende;2026-05-18;Sim;Não;;
PROJETO;50600.027469/2025-61;2026-05-18;Assinado;Bruno;2026-05-25;RS;00 00246/2025;BR-392;Notificação;Descumprimento dos prazos fixados no Cronograma Físico-Financeiro para entrega de Projeto Básico/Executivo.;"Verificar
Termo Aditivo - 1º Termo Aditivo de MCP (SEI nº 24130225)";;24814684;;;2026-05-20;;2026-05-27;Bruno Pimenta Resende;2026-05-18;Sim;Não;;
PROJETO;50609.001437/2026-37;2026-05-18;Assinado;Bruno;2026-05-25;PR;09 00070/2022;BR-376;Projetos;Entrega de Respostas às Análises dos Projetos;Encaminhamento para DPP;24788142;24806621;;;2026-05-19;;2026-05-19;Bruno Pimenta Resende;2026-05-18;Sim;Não;;
PROJETO;50606.000347/2025-78;2026-05-05;Assinado;Bruno;2026-05-12;MG;00 00619/2024;BR-381;Projetos;Encaminhamento e ciência de análises;Encaminhamento e ciência;;24805772;24805787;24805802;2026-05-18;"24775527
24775670";2026-05-19;Bruno Pimenta Resende;2026-05-19;Sim;Não;;
PROJETO;50606.000347/2025-78;2026-05-19;Assinado;Bruno;2026-05-26;MG;00 00619/2024;BR-381;Projetos;Projetos e Termos de Aceite;Ciência;24810909;24894826;;;2026-05-27;"24843891
24889354";2026-05-27;Bruno Pimenta Resende;2026-05-19;Sim;Não;;
PROJETO;50603.000829/2024-77;2026-05-20;Assinado;Bruno;2026-05-27;CE;03 00077/2024;BR-116;Projetos;Entrega Projeto Básico – Projeto de OAE – Braço do Rio Choró (Leste)  e análise;Ciência e encaminhamento de termo de aceite;24812053;24819863;24820033;;2026-05-20;;2026-05-28;Bruno Pimenta Resende;2026-05-20;Sim;Não;;
PROJETO;50600.031376/2022-99;2026-05-20;Assinado;Bruno;2026-05-27;PR;09 00397/2021;BR-487;Projetos;Análises de Obras Complementares e Sinalização;Ciência;24813301;24818808;;;2026-05-20;;2026-05-27;Bruno Pimenta Resende;2026-05-20;Sim;Não;;
PROJETO;50600.023451/2025-91;2026-05-20;Assinado;Bruno;2026-05-27;RS;00 00375/2024;BR-116;Projetos; Respostas à Nota Técnica do Componente Ambiental;Encaminhamento para a SR;24819719;24833125;;;2026-05-21;;2026-05-27;Bruno Pimenta Resende;2026-05-20;Sim;Não;;
PROJETO;50609.004210/2023-09;2026-05-20;Assinado;Bruno;2026-05-27;PR;09 00397/2021;BR-487;Projetos;Revisão do Projeto Executivo de Iluminação Pública;Encaminhamento de projeto para a SR e encaminhamento de análise para a empresa;24820417;24833396;24833443;;2026-05-21;;2026-05-27;Bruno Pimenta Resende;2026-05-20;Sim;Não;;
PROJETO;50614.000348/2026-02;2026-05-21;Assinado;Bruno;2026-05-28;RN;14 00070/2026;BR-304;Projetos;Elaboração dos projetos básicos e executivos, bem como a execução de obras remanescentes do Contrato nº 939/2015.;Verificar;24770572;24844289;;;2026-05-21;;2026-05-27;Bruno Pimenta Resende;2026-05-21;Sim;Não;;
PROJETO;50600.027265/2025-21;2026-05-21;Assinado;Bruno;2026-05-28;MT;-;BR-158;Notificação;Descumprimento dos prazos fixados no Cronograma Físico-Financeiro para entrega de Projeto Básico/Executivo.;Verificar;24814396;24874559;;;2026-05-25;;2026-05-27;Bruno Pimenta Resende;2026-05-21;Sim;Não;;
ASSESSORIA COAC;50600.017820/2026-97;2026-05-20;Assinado;Maria Júlia;2026-05-27;-;-;-;Ministério;Apresentação de abertura da Proposta Qualitativa do PLOA 2027.;Ciência.;24813170;24849449;;;2026-05-22;;2026-05-25;Maria Julia de Miranda Fiel dos Santos;2026-05-22;Sim;Não;;
PROJETO;50600.037160/2024-07;2026-05-22;Assinado;Bruno;2026-05-29;BA;00 00392/2024;BR-030;Projetos;Projetos e Análises;Encaminhamento e ciência;24852737;24898964;24898980;;2026-05-25;;2026-06-03;Bruno Pimenta Resende;2026-05-22;Sim;Não;;
ASSESSORIA COAC;50602.001272/2026-63;2026-05-18;Assinado;Maria Júlia;2026-05-25;PA;-;-;DNIT/SRE;Criação de rubrica orçamentária específica para inclusão na proposta da PLOA 2027.;Informar que a proposta foi considerada na elaboração da proposta da PLOA 2027.;24800345;24893066;;;2026-05-26;;2026-06-01;Maria Julia de Miranda Fiel dos Santos;2026-05-27;Sim;Não;;
ASSESSORIA COAC;50604.000992/2026-91;2026-05-18;Assinado;Maria Júlia;2026-05-25;PE;-;-;DNIT/SRE;Criação de rubrica orçamentária específica para inclusão na proposta da PLOA 2027. ;Informar que o pleito foi considerado na elaboração da proposta da PLOA 2027. ;24636380;24893033;;;2026-05-26;;2026-06-01;Maria Julia de Miranda Fiel dos Santos;2026-05-27;Sim;Não;;
ASSESSORIA COAC;50604.000658/2026-38;2026-05-21;Assinado;Maria Júlia;2026-05-28;PE;-;-;DNIT/SRE;Criação de rubrica orçamentária específica para inclusão na proposta da PLOA 2027. ;Informar que o pleito foi considerado na elaboração da proposta da PLOA 2027.  ;24137127;24888041;;;2026-05-26;;2026-06-01;Maria Julia de Miranda Fiel dos Santos;2026-05-27;Sim;Não;;
ASSESSORIA COAC;50604.000845/2026-11;2026-05-05;Assinado;Maria Júlia;2026-05-12;PE;-;-;DNIT/SRE;Criação de rubrica orçamentária específica para inclusão na proposta da PLOA 2027. ;Informar que o pleito foi considerado na elaboração da proposta da PLOA 2027.  ;24653113;24892846;;;2026-05-26;;2026-06-01;Maria Julia de Miranda Fiel dos Santos;2026-05-27;Sim;Não;;
ASSESSORIA COAC;50604.000794/2026-28;2026-05-25;Assinado;Maria Júlia;2026-06-01;PE;-;-;DNIT/SRE;Criação de rubrica orçamentária específica para inclusão na proposta da PLOA 2027. ;Informar que o pleito foi considerado na elaboração da proposta da PLOA 2027. ;24873600;24892948;;;2026-05-26;;2026-05-27;Maria Julia de Miranda Fiel dos Santos;2026-05-27;Sim;Não;;
ASSESSORIA COAC;50600.016969/2026-59;2026-05-22;Assinado;Maria Júlia;2026-05-25;-;-;-;DNIT/SRE;Consolidação das ações finalísticas da CGCONT para proposta orçamentária do DNIT ao Projeto de Lei Orçamentária Anual (PLOA) 2027. ;Encaminhar planilha das ações finalísticas sob responsabilidade da CGCONT.;24855760;24893502;;;2026-05-26;;2026-05-27;Maria Julia de Miranda Fiel dos Santos;2026-05-27;Sim;Não;;
ASSESSORIA COAC;50600.014385/2026-49;2026-05-06;Assinado;Maria Júlia;2026-05-25;-;-;-;DNIT/SRE;Publicação da Portaria n.º 2.025, de 29 de abril de 2026, no Diário Oficial da União, estabelecendo o calendário da Proposta Orçamentária do DNIT para o exercício de 2027. ;Indicar ciência e concluir o processo.;24659647;24894254;;;2026-05-26;;2026-05-27;Maria Julia de Miranda Fiel dos Santos;2026-05-27;Sim;Não;;
ASSESSORIA COAC;50600.016962/2026-37;2026-05-20;Assinado;Rafaela;2026-05-27;-;-;-;DNIT/SRE;Divulgação da portaria que institui o Programa Nacional de Manutenção e Modernização de OAEs;Dar ciência;24803619;24899978;;;2026-05-27;Documento assinado por Marília Bomtempo em 28/05/2026;2026-05-28;Rafaela Nobrega;2026-05-27;Sim;Não;;
PROJETO;50612.002355/2024-99;2026-05-27;Assinado;Bruno;2026-06-03;DF/GO;12 00350/2024;BR-070;Projetos;Termo de Aceite de Projeto Básico Nº PE.070GO.00350-2024.009 (SEI 24886353);Ciência;24886512;24899388;;;2026-05-27;;2026-06-03;Bruno Pimenta Resende;2026-05-27;Sim;Não;;
ASSESSORIA COAC;50001.107890/2026-95;2026-05-22;Assinado;Rafaela;2026-06-03;MG;-;BR-381;FALA-BR;Solicitação de envio de projetos e cronograma - Contrato nº 619/2024 - Lei de Acesso à Informação;Informar acerca do andamento do contrato;24846904;24899565;;;2026-05-27;Documento assinado por Marília Bomtempo em 03/06/2026 e Thiago Pitombeira em 08/06/2026;2026-06-08;Rafaela Nobrega;2026-05-27;Sim;Não;;
ASSESSORIA COAC;50600.018163/2026-03;2026-05-26;Assinado;Rafaela;2026-06-10;MG;-;BR-262;Outros;Pedido de liberação de recursos para recuperação e duplicação da BR-262 pela Assembleia Legislativa do Estado de Minas Gerais;Informar que essa coordenação não possui ciência dos termos do acordo de Mariana;24890843;24908110;;;2026-05-27;Assinado por Marília Bomtempo e Thiago Pitombeira em 28/05/2026;2026-05-28;Rafaela Nobrega;2026-05-27;Sim;Sim;;
ASSESSORIA COAC;50600.016816/2026-10;2026-05-12;Assinado;Maria Júlia;2026-05-19;-;-;-;DNIT/SRE;Levantamento das informações orçamentárias relacionadas à ação 218S.0001 - Apoio ao planejamento, gerenciamento e acompanhamento da implementação de empreendimentos de infraestrutura. ;Informar que a CGCONT não tem necessidades orçamentárias referentes à ação 218S para serem consideradas no exercício de 2027.;24723505;24907726;;;2026-05-27;;2026-05-28;Maria Julia de Miranda Fiel dos Santos;2026-05-27;Sim;Não;;
ASSESSORIA COAC;50600.017305/2026-15;2026-05-27;Assinado;Rafaela;2026-06-03;SC;-;BR-153;Outros;Solicitação de apoio para melhorias urgentes na rodovia BR-153/SC;Informar que não temos contratos ativos para a BR solicitada;24877018;24912924;;;2026-05-28;Documento assinado por Marília Bomtempo e Thiago Pitombeira em 28/05/2026;2026-05-28;Rafaela Nobrega;2026-05-28;Sim;Não;;
PROJETO;50606.000347/2025-78;2026-05-28;Assinado;Bruno;2026-06-04;MG;00 00619/2024;BR-381;Projetos;Análise de Projeto - Contrato nº 619/2024 - rodovia BR-381/MG.;Encaminhamento para empresa;24907919;24967661;24967705;;2026-06-02;24913599;2026-06-03;Bruno Pimenta Resende;2026-05-28;Sim;Não;;
ASSESSORIA COAC;50621.000938/2023-95;2026-05-22;Assinado;Rafaela;2026-05-29;SE;-;-;DNIT/SRE;Publicação do Termo de Transferência - Federalização de trechos da rodovia estadual SE-335;Dar ciência;24831977;24917940;;;2026-05-28;Documento assinado por Marília Bomtempo em 28/05/2026;2026-05-28;Rafaela Nobrega;2026-05-28;Sim;Não;;
ASSESSORIA COAC;50600.017907/2026-64;2026-05-27;Assinado;Rafaela;2026-06-03;-;-;-;DNIT/SRE;Solicitação de apoio em questões relacionadas aos Termos de Arrolamento e Transferência de Bens de diversas concessionárias;Informar que não é nosso escopo e sugerir encaminhamento para SREs envolvidas;24861710;24919918;;;2026-05-28;Documento assinado por Marília Bomtempo e Thiago Pitombeira em 28/05/2026;2026-05-28;Rafaela Nobrega;2026-05-28;Sim;Não;;
PROJETO;50605.000092/2026-34;2026-05-29;Assinado;Bruno;2026-06-05;BA;05 00068/2026;BR-101;Projetos;Análise de Projeto - Contrato nº 68/2026 - rodovia BR-101/BA.;Encaminhamento para a empresa;24914025;24968393;;;2026-06-02;;2026-06-03;Bruno Pimenta Resende;2026-05-29;Sim;Não;;
PROJETO;50609.002327/2021-88;2026-05-29;Assinado;Bruno;2026-06-05;PR;09 00070/2022;BR-376;Projetos;Entrega de Respostas às Análises dos Projetos;Encaminhamento para a SR;24925102;24968536;;;2026-06-02;;2026-06-03;Bruno Pimenta Resende;2026-05-29;Sim;Não;;
PROJETO;50600.031376/2022-99;2026-05-29;Assinado;Bruno;2026-06-05;PR;09 00070/2022;BR-376;Projetos;Entrega de Respostas às Análises dos Projetos;Ciência;24928404;24968666;;;2026-06-02;;2026-06-03;Bruno Pimenta Resende;2026-05-29;Sim;Não;;
ASSESSORIA COAC;50600.018350/2026-89;2026-05-28;Assinado;Maria Júlia;2026-06-04;MG;-;-;Outros;Solicitações de informações quanto aos Lotes 8A e 8B da BR-381/MG, em Minas Gerais. ;Informar quanto aos dados contratuais e orçamento dos contratos 619/2024 (Lote 8A) e 041/2025 (Lote 8B). ;24917233;24936687;;;2026-05-29;;2026-06-01;Maria Julia de Miranda Fiel dos Santos;2026-05-29;Sim;Não;;
ASSESSORIA COAC;50600.018550/2026-31;2026-05-29;Assinado;Rafaela;2026-06-01;MG;-;BR-365;DNIT/SRE;Solicitação de informações relativas à Ponte do Guaicuí localizada na rodovia BR-365/MG no município de Várzea da Palma/MG;Informar que não temos contrato ativo para o trecho em questão;24917891;24940876;;;2026-06-01;Assinado por Marília Bomtempo e Thiago Pitombeira em 01/06/2026;2026-06-01;Rafaela Nobrega;2026-06-01;Sim;Sim;;
PROJETO;50600.018636/2026-64;2026-06-01;Assinado;Bruno;2026-06-08;AM;00 00389/2024;BR-319;Projetos;Abertura do processo de análise.;Ciência e responsabilidade de comunicação;24921434;24971830;;;2026-06-03;;2026-06-03;Bruno Pimenta Resende;2026-06-01;Sim;Não;;
ASSESSORIA COAC;50609.004196/2023-35;2026-06-01;Assinado;Rafaela;2026-06-08;PR;-;-;DNIT/SRE;Publicação de retificação do 1º Termo Aditivo ao Termo de Transferência nº 13/2026;Dar ciência;24934174;24948432;;;2026-06-01;Documento assinado por Marília Bomtempo em 01/06/2026;2026-06-01;Rafaela Nobrega;2026-06-01;Sim;Não;;
PROJETO;50600.023451/2025-91;2026-06-01;Assinado;Bruno;2026-06-08;RS;00 00375/2024;BR-116;Projetos;Informações sobre a emissão de portaria de declaração de utilidade pública.;Ciência;24923441;24970764;;;2026-06-03;;2026-06-03;Bruno Pimenta Resende;2026-06-01;Sim;Não;;
PROJETO;50609.004210/2023-09;2026-06-01;Assinado;Bruno;2026-06-08;PR;09 00397/2021;BR-487;Projetos;Análise de Projeto - Contrato nº 397/2021 - rodovia BR-487/PR - Lote 2A.;Verificar;24936758;24969680;24969693;;2026-06-02;;2026-06-03;Bruno Pimenta Resende;2026-06-01;Sim;Não;;
ASSESSORIA COAC;50600.018150/2026-26;2026-06-02;Assinado;Maria Júlia;2026-06-09;MG;-;-;ANTT;Delegação do corredor rodoviário da BR-365/MG compreendido entre os municípios de Montes Claros e Patrocínio.;Informar acerca da previsão de licitação das obras da BR-365/MG.;24968408;24973812;;;2026-06-03;;2026-06-08;Maria Julia de Miranda Fiel dos Santos;2026-06-03;Sim;Não;;
ASSESSORIA COAC;50600.018665/2026-26;2026-06-03;Assinado;Rafaela;2026-06-10;BA;-;-;Outros;Solicitação de informações para atualização de EVTEA - Concessão da Rota 2 de Julho, nas rodovias BR-116/BA e BR-324/BA;Informar acerca das ações e contratos que estão ativos para as BRs em questão;24965316;24978601;;;2026-06-03;Documento assinado por Marília Bomtempo em 02/07/2026;2026-07-02;Rafaela Nobrega;2026-06-03;Sim;Não;;
ASSESSORIA COAC;50622.002140/2023-78;2026-05-20;Assinado;Maria Júlia;2026-05-27;RO;-;-;DNIT/SRE;Procedimento de reconhecimento de dívida concernente ao Contrato n.º 00 00546/2013, cujo objeto foi a execução das obras de construção de pontes rodoviárias e bueiros celulares na rodovia BR-429/RO.;Encaminhar pra DIR e informar sobre a 3ª Janela de Alteração Orçamentária de 2026.;24823855;24979367;24980134;;2026-06-03;;2026-06-08;Maria Julia de Miranda Fiel dos Santos;2026-06-03;Sim;Não;;
ASSESSORIA COAC;50600.346572/2015-36;2026-05-20;Assinado;Maria Júlia;2026-05-27;PB;-;-;DNIT/SRE;Procedimento de reconhecimento de dívida concernente ao Contrato n.º 13 00293/2010, cujo objeto foi a Supervisão das Obras de Implantação e Pavimentação da BR-434/PB.;Encaminhar pra DIR e informar sobre a 3ª Janela de Alteração Orçamentária de 2026.;24829012;24963337;24963375;;2026-06-03;;2026-06-08;Maria Julia de Miranda Fiel dos Santos;2026-06-03;Sim;Não;;
ASSESSORIA COAC;50600.018553/2026-75;2026-06-02;Assinado;Maria Júlia;2026-06-09;-;-;-;Ministério;Projeto de Lei n.º 494/2026, que institui o Marco Legal do Desenvolvimento Estruturante da Região Norte – NORTE 2035.;Informar se tratar de matéria que escapa às competências da CGCONT. ;24960714;24981908;;;2026-06-03;;2026-06-08;Maria Julia de Miranda Fiel dos Santos;2026-06-03;Sim;Não;;
PROJETO;50609.001619/2026-16;2026-06-03;Assinado;Bruno;2026-06-10;PR;09 00070/2022;BR-376;Projetos;Retificação de Documento da Carta n° 024/2026;Verificar;24980253;24990586;;;2026-06-08;;2026-06-10;Bruno Pimenta Resende;2026-06-08;Sim;Não;;
PROJETO;50609.001437/2026-37;2026-06-12;Assinado;Bruno;2026-06-19;PR;09 00070/2022;BR-376;Projetos;"Relatório de Análise nº 405/2026 –
Projeto Básico/Executivo OAE 06 e 08.";Encaminhamento para a DPP;24988790;25052564;;;2026-06-12;;2026-06-18;Bruno Pimenta Resende;2026-06-12;Sim;Não;;
PROJETO;50600.037160/2024-07;2026-06-12;Assinado;Bruno;2026-06-19;BA;00 00392/2024;BR-030;Projetos;Projeto de Obras Complementares_R03;Ciência e encaminhamento;24996928;25111472;25111478;;2026-06-18;"25052999
25053785";2026-06-18;Bruno Pimenta Resende;2026-06-12;Sim;Não;;
PROJETO;50606.003862/2025-18;2026-06-12;Assinado;Bruno;2026-06-19;MG;00 00041/2025;BR-381;Projetos;Análise de Projetos - Contrato nº 00.00041/2025 – BR-381/MG - Lote 8B.;Ciência;25015186;25058109;;;2026-06-12;;2026-06-18;Bruno Pimenta Resende;2026-06-12;Sim;Não;;
PROJETO;50623.001914/2025-03;2026-06-12;Assinado;Bruno;2026-06-19;TO;00 00958/2024;BR-226;Projetos;Contrato n.º 00958/2024-00 - Análise do Orçamento do Projeto Executivo (Volume 4).;Verificar;25021612;25066316;;;2026-06-15;;2026-06-18;Bruno Pimenta Resende;2026-06-12;Sim;Não;;
PROJETO;50600.015637/2025-76;2026-06-12;Assinado;Bruno;2026-06-19;RO;22 00902/2020;BR-364;Notificação;Descumprimento dos prazos fixados no Cronograma Físico-Financeiro para entrega de Projeto Básico/Executivo.;Notiicar;25032877;25100812;;;2026-06-17;;2026-06-18;Bruno Pimenta Resende;2026-06-12;Sim;Não;;
PROJETO;50606.000238/2023-99;2026-06-12;Assinado;Bruno;2026-06-19;MG;00 00277/2022;BR-135;Projetos;Emissão de Termo de Aceite - Contrato nº 277/2022 - rodovia BR-135/MG.;Encaminhamento para a empresa;25030990;25058522;;;2026-06-12;;2026-06-18;Bruno Pimenta Resende;2026-06-12;Sim;Não;;
PROJETO;50606.000347/2025-78;2026-06-12;Assinado;Bruno;2026-06-19;MG;00 00619/2024;BR-381;Projetos;Análise de Projeto - Contrato nº 619/2024 - rodovia BR-381/MG.;Ciência;25047461;25061406;;;2026-06-12;;2026-06-18;Bruno Pimenta Resende;2026-06-12;Sim;Não;;
PROJETO;50600.000205/2025-61;2026-06-15;Assinado;Bruno;2026-06-22;SE;21 00798/2025;BR-101;Projetos;Encaminhamento dos Estudos Topográficos e Hidrológicos - Contrato nº 798/2025 (BR-101/SE).;Ciência;25055310;25084571;;;2026-06-16;;2026-06-18;Bruno Pimenta Resende;2026-06-15;Sim;Não;;
PROJETO;50623.001449/2019-54;2026-06-15;Assinado;Bruno;2026-06-22;TO;23 00217/2017;BR-153;Projetos;Contrato nº 23.00217/2017, celebrado com o CONSÓRCIO A. GASPAR/ARTELESTE/V. GARAMBONE - Solicitação de dilação de prazo.;Encaminhamento para SR e DPP;25059860;25099233;;;2026-06-17;;2026-06-18;Bruno Pimenta Resende;2026-06-15;Sim;Não;"Bruno Pimenta Resende - 17/06/2026 10:11
Verificar com a Marília se a dilação de prazo esta Coordenação aceita ou encaminha para a Unidade Fiscalizadora e para a DPP";
ASSESSORIA COAC;50611.003421/2025-39;2026-06-15;Assinado;Maria Júlia;2026-06-22;MT;-;-;DNIT/SRE;Criação de rubrica orçamentária específica para inclusão na proposta da PLOA 2027.;Informar que o pleito foi considerado na elaboração da proposta da PLOA 2027.;25078584;25083373;;;2026-06-16;;2026-06-18;Maria Julia de Miranda Fiel dos Santos;2026-06-16;Sim;Não;;
ASSESSORIA COAC;50600.002599/2024-19;2026-06-15;Assinado;Maria Júlia;2026-06-18;-;-;-;Outros;Indicadores Estratégicos do Planejamento Estratégico Institucional (PEI) 2023-2026.;Preenchimento de planilha com os dados relativos a abril e maio de 2026.;25071018;25084521;25084508;;2026-06-16;;2026-06-18;Maria Julia de Miranda Fiel dos Santos;2026-06-16;Sim;Não;;
PROJETO;50609.004210/2023-09;2026-06-16;Assinado;Bruno;2026-06-23;PR;09 00397/2021;BR-487;Projetos;Encaminhamento de Relatórios de Análise e Termos de Aceite;Ciência;24996770;25105604;;;2026-06-17;25094593;2026-06-18;Bruno Pimenta Resende;2026-06-16;Sim;Não;;
ASSESSORIA COAC;50600.019462/2026-57;2026-06-15;Assinado;Rafaela;2026-06-18;SC;-;-;Parlamentares;Requerimento de Informação nº 1648/2026 de autoria da Deputada Federal Caroline de Toni;Fornecer as informações solicitadas pela Deputada;25047620;25091708;25091729;;2026-06-16;Os documentos foram assinados por Marília Bomtempo e Thiago Pitombeira em 18/06/2026;2026-06-18;Rafaela Nobrega;2026-06-16;Sim;Sim;;
PROJETO;50600.034231/2024-10;2026-06-16;Assinado;Bruno;2026-06-23;BA;00 00391/2024;BR-030;Projetos;Relatório de análise de Drenagem e OAC;Encaminhamento de análise e de projetos;25080348;25119686;25119696;;2026-06-17;"25097087
25098772";2026-06-18;Bruno Pimenta Resende;2026-06-16;Sim;Não;;
ASSESSORIA COAC;50001.129677/2026-34;2026-06-16;Assinado;Maria Júlia;2026-06-26;-;-;-;FALA-BR;Solicitação de informações sobre pontes interditadas, total ou parcialmente, e trechos que se encontram em obras e que possuem desvios operacionais ou restrições de circulação.;Informar sobre o Portal do Cidadão, dizendo que todos os trechos com obras em andamento podem apresentar desvios operacionais ou restrições de circulação pontuais e transitórios.;25078424;25100402;;;2026-06-19;;2026-06-26;Maria Julia de Miranda Fiel dos Santos;2026-06-17;Sim;Sim;;
PROJETO;50600.023451/2025-91;2026-06-17;Assinado;Bruno;2026-06-24;RS;00 00375/2024;BR-116;Projetos;Relatório de Análise de Sinalização;Verificar. Aguardar Termo de Aceite;25105666;25112670;;;2026-06-18;;2026-06-18;Bruno Pimenta Resende;2026-06-17;Sim;Não;;
ASSESSORIA COAC;50622.002140/2023-78;2026-06-17;Assinado;Maria Júlia;2026-06-24;RO;-;BR-429;DNIT/SRE;Procedimento de reconhecimento de dívida concernente ao Contrato n.º 00 00546/2013, cujo objeto foi a execução das obras de construção de pontes rodoviárias e bueiros celulares na rodovia BR-429/RO.;Encaminhar à Superintendência Regional e à COCCONV para conhecimento da manifestação da DIR.;25017817;25121832;25136016;;2026-06-19;;2026-07-02;Maria Julia de Miranda Fiel dos Santos;2026-06-18;Sim;Não;;
PROJETO;50600.026926/2025-09;2026-06-18;Assinado;Bruno;2026-06-25;AM;-;BR-319;Notificação;Descumprimento dos prazos fixados no Cronograma Físico-Financeiro para entrega de Projeto Básico/Executivo.;Notifica os dois contratos.;;25119648;;;2026-06-18;;2026-06-18;Bruno Pimenta Resende;2026-06-18;Sim;Não;"Bruno Pimenta Resende - 18/06/2026 15:26
Verificar com a Marília se notificamos o contrato 01 198/2026 pois não está no SIAC, porém já teve ordem de início";
PROJETO;50603.000829/2024-77;2026-06-19;Assinado;Bruno;2026-06-26;CE;03 00077/2024;BR-116;Projetos;Projeto Executivo de Pavimentação – Rev A.;Ciência;25123245;25135500;;;2026-06-19;;2026-06-26;Bruno Pimenta Resende;2026-06-19;Sim;Não;;
ASSESSORIA COAC;50600.020211/2026-15;2026-06-19;Assinado;Rafaela;2026-06-26;-;-;-;Parlamentares;Solicitação de informações sobre a qualidade da pavimentação, manutenção, conservação e da fiscalização de excesso de peso em veículos de carga na malha rodoviária federal;Informar que o assunto em questão não é de nossa competência;25124291;25135922;;;2026-06-19;Documento assinado por Marília Bomtempo e Thiago Pitombeira em 22/06/2026;2026-06-22;Rafaela Nobrega;2026-06-19;Sim;Não;;
ASSESSORIA COAC;50600.020131/2026-60;2026-06-18;Assinado;Maria Júlia;2026-07-02;-;-;-;Externo;Solicitação de paralisação das obras durante as eleições suplementares para governadores e vice-governadores. ;Informar que é responsabilidade das respectivas fiscais (superintendências) e que o processo já foi encaminhado para elas.;25124090;25137361;;;2026-06-19;;2026-06-22;Maria Julia de Miranda Fiel dos Santos;2026-06-19;Sim;Não;;
PROJETO;50616.002773/2018-06;2026-06-22;Assinado;Bruno;2026-06-29;SC;16 00192/2019;BR-163;Projetos;Solicitação de Declaração de Desempenho Técnico - Contrato nº 192/2019 - TORC - Terraplenagem, Obras Rodoviárias e Construções Ltda. - BR-163/SC.;Enviar para a SR;25099065;25139444;;;2026-06-22;;2026-06-26;Bruno Pimenta Resende;2026-06-22;Sim;Não;;
PROJETO;50605.000092/2026-34;2026-06-22;Assinado;Bruno;2026-06-29;BA;05 00068/2026;BR-101;Projetos;Relatório de Sondagens;Ciência e Encaminhamento para a DPP;25104945;25159475;;;2026-06-23;;2026-06-26;Bruno Pimenta Resende;2026-06-22;Sim;Não;;
PROJETO;50609.004210/2023-09;2026-06-22;Assinado;Bruno;2026-06-29;PR;09 00397/2021;BR-487;Projetos;Orçamento Executivo da Obra (Volume 4) – Revisão;Verificar;25136530;25158680;;;2026-06-23;;2026-06-26;Bruno Pimenta Resende;2026-06-22;Sim;Não;;
PROJETO;50600.023451/2025-91;2026-06-22;Assinado;Bruno;2026-06-29;RS;00 00375/2024;BR-116;Projetos;Emissão de Termo de Aceite para a Segunda Ponte Internacional de Jaguarão e acesso do lado brasileiro - Contrato nº 375/2024.;Encaminhamento de Termo de Aceite;25137214;25158318;;;2026-06-23;;2026-06-26;Bruno Pimenta Resende;2026-06-22;Sim;Não;;
ASSESSORIA COAC;50600.019799/2026-64;2026-06-22;Assinado;Maria Júlia;2026-07-02;RS;-;-;Parlamentares;Solicitação de recursos e providências em rodovias federais do Rio Grande do Sul.;Informar sobre a previsão de licitação da construção da nova ponte sobre o Rio Ibicuí na BR-472/RS.;25136810;25150409;;;2026-06-22;;2026-06-26;Maria Julia de Miranda Fiel dos Santos;2026-06-22;Sim;Sim;;
ASSESSORIA COAC;50600.019290/2026-11;2026-06-22;Assinado;Rafaela;2026-06-29;-;-;-;Ministério;Mecanismos de monitoramento e avaliação de políticas públicas relativas a emendas parlamentares - ADPF n.º 854.;Informar que não temos ferramentas específicas para esse fim, apenas a prestação de contas;25127505;25152262;;;2026-06-23;Documento assinado por Marília Bomtempo e Thiago Pitombeira em 26/06/2026;2026-06-26;Rafaela Nobrega;2026-06-23;Sim;Não;;
PROJETO;50600.034231/2024-10;2026-06-23;Assinado;Bruno;2026-06-30;BA;00 00391/2024;BR-030;Projetos;Encaminhamento do Projeto Geométrico Executivo - Contrato nº 391/2024 (BR-030/BA).;Verificar;25155099;25167332;;;2026-06-24;;2026-06-26;Bruno Pimenta Resende;2026-06-23;Sim;Não;;
ASSESSORIA COAC;50001.134583/2026-87;2026-06-23;Assinado;Maria Júlia;2026-07-10;AM;-;-;FALA-BR;Sugestão de criação de um sistema sustentável de escoamento, drenagem e filtragem da água da chuva na lateralidade do asfalto.;Matéria escapa às competências da CGCONT.;25156806;25166156;;;2026-06-23;;2026-06-26;Maria Julia de Miranda Fiel dos Santos;2026-06-23;Sim;Sim;;
PROJETO;50606.000347/2025-78;2026-06-30;Assinado;Bruno;2026-07-07;MG;00 00619/2024;BR-381;Projetos;Encaminhamento do Projeto de Componente Ambiental e Paisagismo;Ciência e encaminhamento de termo de aceite;25201291;25229581;25229780;;2026-07-01;;2026-07-02;Bruno Pimenta Resende;2026-06-30;Sim;Não;;
PROJETO;50600.023451/2025-91;2026-06-30;Assinado;Bruno;2026-07-07;RS;00 00375/2024;BR-116;Projetos;Entrega do Relatório do Projeto Básico e Executivo de Drenagem e OAC;Encaminhamento para empresa, DPP e SR;25213128;25280378;25280395;;2026-07-06;;2026-07-07;Bruno Pimenta Resende;2026-06-30;Sim;Não;;
ASSESSORIA COAC;50600.010132/2026-04;2026-06-26;Assinado;Rafaela;2026-07-03;-;-;-;DNIT/SRE;Análise da capacidade técnica de execução das emendas parlamentares destinadas ao DNIT;Verificar s empreendimentos enviados na planilha e julgar se a obra possui algum impedimento de ordem técnica ou não.;25285808;25285793;25238675;;2026-07-01;Anteriormente haviam sido criados os documentos 25238652 e 25238675, contudo, por uma conversa com outra coordenação, Marília decidiu trocar os documentos adicionados anteriormente.;2026-07-06;Rafaela Nobrega;2026-07-01;Sim;Não;;
PROJETO;50600.027198/2025-44;2026-07-02;Assinado;Gabrielle;2026-07-09;CE;03 00077/2024;BR-116;Notificação;Descumprimento dos prazos fixados no Cronograma Físico-Financeiro para entrega de Projeto Básico/Executivo.;Notificar;;25280355;;;2026-07-07;;2026-07-09;Bruno Pimenta Resende;2026-07-02;Sim;Não;;
PROJETO;50600.015508/2025-88;2026-07-02;Assinado;Bruno;2026-07-09;DF/GO;12 00350/2024;BR-230;Notificação;Descumprimento dos prazos fixados no Cronograma Físico-Financeiro para entrega de Projeto Básico/Executivo.;Notificar;;25287320;;;2026-07-07;;2026-07-09;Bruno Pimenta Resende;2026-07-02;Sim;Não;;
PROJETO;50600.027157/2025-58;2026-07-02;Assinado;Bruno;2026-07-09;MG;00 00277/2022;BR-135;Notificação;Descumprimento dos prazos fixados no Cronograma Físico-Financeiro para entrega de Projeto Básico/Executivo.;Notificar;;25270911;;;2026-07-06;;2026-07-07;Bruno Pimenta Resende;2026-07-02;Sim;Não;;
PROJETO;50600.015618/2025-40;2026-07-02;Aguardar;Bruno;2026-07-30;PA;02 00261/2024;BR-230;Notificação;Descumprimento dos prazos fixados no Cronograma Físico-Financeiro para entrega de Projeto Básico/Executivo.;Aguardar mensagem Marília;25449903;;;;2026-07-02;;2026-07-02;Bruno Pimenta Resende;2026-07-02;Não;Não;"Bruno Pimenta Resende - 23/07/2026 16:53
Aguardar até 30/07/2026 resposta da empresa referente ao Ofício 227409 (25449903)";
PROJETO;50600.027428/2025-75;2026-07-02;Concluído;Bruno;2026-07-31;PR;09 00070/2022;BR-376;Notificação;Descumprimento dos prazos fixados no Cronograma Físico-Financeiro para entrega de Projeto Básico/Executivo.;"Aguardar resposta da SR. Necessitou anexar cronograma ao processo.
Não necessitou cobrança";;;;;2026-07-02;;2026-07-02;Bruno Pimenta Resende;2026-07-02;Não;Não;"Bruno Pimenta Resende - 06/07/2026 08:21
Aguardar reunião para notificar ou não.
----------------------------------------
Bruno Pimenta Resende - 06/07/2026 09:04
Reunião 07/07 as 15h
----------------------------------------
Bruno Pimenta Resende - 09/07/2026 08:05
Aguardar até 15/07
----------------------------------------
Bruno Pimenta Resende - 23/07/2026 16:57
Foi anexado ao processo base 50609.002327/2021-88 o cronograma e o plano de ação que a empresa encaminhou por e-mail.
Aguardar análise da SR.";
PROJETO;50600.027428/2025-75;2026-07-02;Assinado;Bruno;2026-07-08;PR;09 00397/2021;BR-116;Notificação;Descumprimento dos prazos fixados no Cronograma Físico-Financeiro para entrega de Projeto Básico/Executivo.;Ciência de PAAR aberto;25286456;25314572;;;2026-07-02;;2026-07-09;Bruno Pimenta Resende;2026-07-02;Sim;Não;"Bruno Pimenta Resende - 02/07/2026 14:50
Aguardar 30 dias para notificar
----------------------------------------
Bruno Pimenta Resende - 07/07/2026 16:23
13/08";
PROJETO;50600.027469/2025-61;2026-07-02;Assinado;Bruno;2026-07-09;RS;00 00246/2025;BR-392;Notificação;Descumprimento dos prazos fixados no Cronograma Físico-Financeiro para entrega de Projeto Básico/Executivo.;"Notificar referencial
Modelo - Ofício 151301 (24814684)";;25271871;;;2026-07-06;;2026-07-09;Bruno Pimenta Resende;2026-07-02;Sim;Não;;
PROJETO;50600.021840/2026-62;2026-07-02;Assinado;Bruno;2026-07-09;SC;16 00846/2025;BR-470;Notificação;Descumprimento dos prazos fixados no Cronograma Físico-Financeiro para entrega de Projeto Básico/Executivo.;"Notificar referencial.
Criar processo de SC";;25272534;;;2026-07-06;;2026-07-09;Bruno Pimenta Resende;2026-07-02;Sim;Não;;
PROJETO;50600.027485/2025-54;2026-07-02;Assinado;Bruno;2026-07-09;SE;-;BR-470;Notificação;Descumprimento dos prazos fixados no Cronograma Físico-Financeiro para entrega de Projeto Básico/Executivo.;Notificar. Referencial 5.1 e 5.3;;25281066;;;2026-07-06;;2026-07-09;Bruno Pimenta Resende;2026-07-02;Sim;Não;;
PROJETO;50609.004210/2023-09;2026-07-02;Assinado;Bruno;2026-07-09;PR;09 00397/2021;BR-487;Projetos;Revisão do Projeto Executivo de OAE da BR-487 Lote 2A;Verificar;25244977;25266556;;;2026-07-06;;2026-07-09;Bruno Pimenta Resende;2026-07-02;Sim;Não;;
ASSESSORIA COAC;50600.021462/2026-17;2026-07-03;Assinado;Rafaela;2026-07-15;SC;-;-;Parlamentares;Solicitação de informações sobre obras federais em andamento e já concluídas nas rodovias federais - Estado de Santa Catarina;Fornecer listagem com os empreendimentos desde 2023;25238841;25258288;;;2026-07-03;Documento assinado por Marília Bomtempo e Thiago Pitombeira em 06/07/2026;2026-07-07;Rafaela Nobrega;2026-07-03;Sim;Não;;
PROJETO;50600.023451/2025-91;2026-07-06;Assinado;Bruno;2026-07-13;RS;00 00375/2024;BR-116;Projetos;Contrato nº 00 00375/2024 - Encaminhamento de Relatório de Análise - BR-116/RS.;Encaminhamento para a empresa;25203492;25228702;;;2026-07-06;;2026-07-02;Bruno Pimenta Resende;2026-07-06;Sim;Não;;
PROJETO;50609.002415/2025-11;2026-07-06;Assinado;Bruno;2026-07-13;PR;09 00397/2021;BR-487;Projetos;Termo de Aceite - análise e aceitação do Relatório da Metodologia Avaliatória - RMA;Encaminhamento para a empresa;25239096;25270741;;;2026-07-06;;2026-07-07;Bruno Pimenta Resende;2026-07-06;Sim;Não;;
PROJETO;50603.000829/2024-77;2026-07-06;Assinado;Bruno;2026-07-13;CE;03 00077/2024;BR-116;Projetos;Projeto Executivo – Projeto de OAE - Viaduto Acesso Sul de Pacajus ;Verificar;25267851;25283634;;;2026-07-06;;2026-07-07;Bruno Pimenta Resende;2026-07-06;Sim;Não;;
PROJETO;50609.001437/2026-37;2026-07-06;Assinado;Bruno;2026-07-13;PR;09 00070/2022;BR-376;Projetos;Manifestação sobre encaminhamento de documentação para análise - Contrato nº 70/2022 (BR-376/PR).;Ciência;25254235;25283426;;;2026-07-06;;2026-07-09;Bruno Pimenta Resende;2026-07-06;Sim;Não;;
PROJETO;50600.034231/2024-10;2026-07-07;Assinado;Bruno;2026-07-14;BA;00 00391/2024;BR-030;Projetos;"Ambiental, Interseções e Desapropriação
";Ciência, encaminhamento de análise e encaminhamento de projetos;25271832;25311529;25311853;;2026-07-08;;2026-07-09;Bruno Pimenta Resende;2026-07-07;Sim;Não;"Bruno Pimenta Resende - 08/07/2026 15:50
Verificar Ofício 210328 (SEI nº 25311858) se houve aval do servidor";
PROJETO;50600.003198/2025-59;2026-07-07;Assinado;Bruno;2026-07-14;PA;02 00261/2024;BR-230;Projetos;Relatório análise de OAE;Verificar;25285591;25312542;;;2026-07-08;;2026-07-09;Bruno Pimenta Resende;2026-07-07;Sim;Não;;
PROJETO;50605.000092/2026-34;2026-07-07;Assinado;Bruno;2026-07-14;BA;05 00068/2026;BR-101;Projetos;Relatório de comentários aos projetos revisados de fundações.;Ciência;25293059;25313438;;;2026-07-08;;2026-07-09;Bruno Pimenta Resende;2026-07-07;Sim;Não;;
ASSESSORIA COAC;50600.021929/2026-29;2026-07-08;Assinado;Rafaela;2026-07-15;RR;-;-;Parlamentares;Solicitação de informações sobre os investimentos, o planejamento físico-financeiroe o andamento das intervenções na malha rodoviária federal no estado de Roraima;Informar acerca dos contratos dessa CGCONT para Roraima;25291157;25306717;;;2026-07-08;Documento assinado por Marília Bomtempo e Thiago Pitombeira em 09/07/2026;2026-07-09;Rafaela Nobrega;2026-07-08;Sim;Não;;
ASSESSORIA COAC;50600.029806/2024-74;2026-07-08;Assinado;Rafaela;2026-07-15;MG;-;BR-116;DNIT/SRE;Termo de Arrolamento e Transferência de Bens - BR-116/251/MG. Contrato do Edital nº 005/2025. Concessionária Ecovias das Gerais S/A;Dar ciência;25280208;25310103;;;2026-07-08;Documento assinado por Marília Bomtempo em 09/07/2026;2026-07-09;Rafaela Nobrega;2026-07-08;Sim;Não;;
PROJETO;50604.001490/2023-35;2026-07-08;Assinado;Bruno;2026-07-15;PE;04 00260/2021;BR-423;Projetos;Termo de Aceite Básico OAE;Encaminhamento para a contratada;25296526;25313037;;;2026-07-08;;2026-07-09;Bruno Pimenta Resende;2026-07-08;Sim;Não;;
ASSESSORIA COAC;50600.019005/2026-62;2026-06-12;Assinado;Maria Júlia;2026-07-15;-;-;-;Ministério;Estudos técnicos sobre concessões rodoviárias atualmente em estruturação no âmbito do Ministério dos Transportes.;Informar sobre os contratos que se sobrepõe aos estudos e solicitar orientação.;25051379;25312493;;;2026-07-08;;2026-07-09;Maria Julia de Miranda Fiel dos Santos;2026-07-08;Sim;Não;;
ASSESSORIA COAC;50602.002842/2025-51;2026-07-08;Elaborado;Rafaela;2026-07-15;TO;-;-;DNIT/SRE;Cartas Egesa S/N (24998420), Carta Egesa S/N (24998439). Ofício nº 134/2026 (25080134) e Petição Solicitação de Documentos (25235733).;Dar ciência da movimentação;25265900;25567230;;;2026-07-08;;2026-07-08;Rafaela Nobrega;2026-07-08;Não;Não;;
ASSESSORIA COAC;50600.099166/2013-15;2026-07-03;Assinado;Maria Júlia;2026-07-15;ES;-;-;DNIT/SRE;Procedimento de reconhecimento de dívida em favor da empresa Delta Construções Ltda, atual Salgueiro Construções S.A., referente ao Contrato n.º 00 0011/2008, cujo objeto foi a Execução das Obras de Duplicação na Rodovia BR-101/ES.;Informar à COCCONV que a proposta ao PLOA 2027 já foi encaminhada e que não há disponibilidade de crédito RP2 para pagamento no exercício vigente.;25029343;25314737;;;2026-07-08;;2026-07-08;Maria Julia de Miranda Fiel dos Santos;2026-07-08;Sim;Não;;
PROJETO;50600.031376/2022-99;2026-07-09;Assinado;Bruno;2026-07-16;PR;09 00070/2022;BR-376;Projetos;Resposta as análises e projetos;Ciência, encaminhamento para DPP e encaminhamento de análise.;25281644;25407734;25407740;25407838;2026-07-17;"25326191
25328948";2026-07-20;Bruno Pimenta Resende;2026-07-09;Sim;Não;;
PROJETO;50600.014788/2024-26;2026-07-09;Assinado;Bruno;2026-07-16;MG;00 00041/2025;BR-381;Projetos;Contrato 00.0041/2025 – Aprovação cronograma revisado;Ciência;25253601;25320154;;;2026-07-09;;2026-07-09;Bruno Pimenta Resende;2026-07-09;Sim;Não;;
PROJETO;50606.000347/2025-78;2026-07-09;Assinado;Bruno;2026-07-16;MG;00 00619/2024;BR-070;Projetos;Encaminhamento do Projeto de Iluminação – Rev. A;Encaminhamento de anlises e ciência de projetos;25317022;25320825;25320836;;2026-07-09;;2026-07-09;Bruno Pimenta Resende;2026-07-09;Sim;Não;;
PROJETO;50612.002355/2024-99;2026-07-09;Assinado;Bruno;2026-07-16;DF/GO;12 00350/2024;BR-070;Projetos;Termo de Aceite de OAE;Ciência de projetos e anlises;25306145;25321772;;;2026-07-09;;2026-07-09;Bruno Pimenta Resende;2026-07-09;Sim;Não;;
PROJETO;50603.000829/2024-77;2026-07-09;Assinado;Bruno;2026-07-16;CE;03 00077/2024;BR-116;Projetos;Projeto Geométrico e de OAE;Ciência;25309354;25323498;;;2026-07-09;;2026-07-20;Bruno Pimenta Resende;2026-07-09;Sim;Não;;
ASSESSORIA COAC;50600.021928/2026-84;2026-07-09;Assinado;Rafaela;2026-07-15;MT;-;-;Parlamentares;Solicitação de informações sobre as rodovias BR-070/MT e BR-174/MT no Estado de Mato Grosso;Informar que no temos correlação com manutenção e recuperação;25292715;25319892;;;2026-07-09;Documento assinado por Marília Bomtempo e Thiago Pitombeira em 09/07/2026;2026-07-09;Rafaela Nobrega;2026-07-09;Sim;Não;;
ASSESSORIA COAC;50600.004241/2026-84;2026-07-09;Assinado;Rafaela;2026-07-21;-;-;-;Outros;Atualização do Plano de Dados Abertos (PDA) 2026 - 2028 do DNIT;Infomar acerca das providências solicitadas;25306184;25403169;;;2026-07-09;Assinado por Levy Paranaguá em 16/07/2026 e por Thiago Pitombeira em 17/07/2026;2026-07-17;Rafaela Nobrega;2026-07-09;Sim;Não;;
PROJETO;50600.005608/2026-87;2026-07-09;Aguardar;Bruno;2026-07-30;AM;-;BR-319;Projetos;Licitação - Edital 215/2026-00 - BR-319/AM - Trecho do Meio;Aguardar Contratação;;;;;2026-07-09;;2026-07-09;Bruno Pimenta Resende;2026-07-09;Não;Não;;
PROJETO;50601.001268/2025-24;2026-07-09;Aguardar;Bruno;2026-07-30;AM;-;BR-319;Projetos;Licitação - Br-319/AM Lote 2C;Aguardar Contratação;;;;;2026-07-09;;2026-07-09;Bruno Pimenta Resende;2026-07-09;Não;Não;"Bruno Pimenta Resende - 23/07/2026 16:59
Processo restrito na COAC. Acesso pela CGCONT";
ASSESSORIA COAC;50600.021922/2026-15;2026-07-09;Assinado;Rafaela;2026-07-16;MT;-;BR-242;Parlamentares;Requerimento de Informação nº 2069/2026 (Deputado José Medeiros);Iformar acerca dos contratos na 242/MT;25300709;25403113;;;2026-07-09;Documento assinado por Levy Paranaguá e Thiago Pitombeira em 16/07/2026;2026-07-09;Rafaela Nobrega;2026-07-09;Sim;Sim;;
PROJETO;50600.034231/2024-10;2026-07-09;Assinado;Bruno;2026-07-16;BA;00 00391/2024;BR-030;Projetos;Análise Desapropriação;Aguardar aval CGDR;;25311858;;;2026-07-09;;2026-07-09;Bruno Pimenta Resende;2026-07-09;Não;Não;;
PROJETO;50600.015453/2025-14;2026-07-13;Assinado;Bruno;2026-07-24;BA;05 00068/2026;BR-101;Notificação;Resposta a notificação;Encaminhamento de Cronogramas de outro contratos e esclarecimentos sobre o despacho da UL.;25335803;25467958;;;2026-07-23;;2026-07-31;Bruno Pimenta Resende;2026-07-13;Sim;Não;;
PROJETO;50600.027265/2025-21;2026-07-13;Assinado;Bruno;2026-07-20;MT;11 00209/2025;BR-116;Notificação;Resposta a notificação;Notificar;25307659;25378771;;;2026-07-15;;2026-07-20;Bruno Pimenta Resende;2026-07-13;Sim;Não;;
ASSESSORIA COAC;50600.013978/2024-26;2026-07-13;Assinado;Rafaela;2026-07-20;BA;-;-;DNIT/SRE;Publicação do Termo de Transferência - Federalização de trechos da rodovia estadual BA-130, no trecho de 13,30;Dar ciência;25304917;25351791;;;2026-07-13;Documento assinado por Marília Bomtempo em 27/07/2026;2026-07-27;Rafaela Nobrega;2026-07-13;Sim;Não;;
ASSESSORIA COAC;50603.002260/2021-31;2026-07-13;Assinado;Rafaela;2026-07-20;CE;-;-;DNIT/SRE;Celebração do Termo de Transferência nº 72/2026;Dar ciência;25335443;25352864;;;2026-07-13;Documento assinado por Marília Bomtempo em 27/07/2026;2026-07-27;Rafaela Nobrega;2026-07-13;Sim;Não;;
ASSESSORIA COAC;50618.000720/2026-32;2026-07-13;Assinado;Rafaela;2026-07-20;PI;-;-;DNIT/SRE;Solicitação de Inclusão de Novo Empreendimento no Novo PAC - BR-226/PI - LOTE 02;Dar ciência;25298113;25357166;;;2026-07-13;Documento assinado por Marília Bomtempo em 27/07/2026;2026-07-27;Rafaela Nobrega;2026-07-13;Sim;Não;;
ASSESSORIA COAC;50600.019929/2026-69;2026-07-13;Assinado;Rafaela;2026-07-20;-;-;-;DNIT/SRE;Apresentação do SERPRO VISÃO;Dar ciência;25301917;25357376;;;2026-07-13;Documento assinado por Levy Paranaguá em 21/07/2026;2026-07-21;Rafaela Nobrega;2026-07-13;Sim;Não;;
ASSESSORIA COAC;50001.138315/2026-34;2026-07-02;Assinado;Maria Júlia;2026-07-13;-;-;-;FALA-BR;Solicitação FALA.BR sobre obras federais paralisadas, suspensas ou com execução física inferior a 50%.;Montar planilha com as obras paralisadas, suspensas ou com execução financeira inferior a 50%.;25243470;25362800;25362797;;2026-07-13;;2026-07-14;Maria Julia de Miranda Fiel dos Santos;2026-07-13;Sim;Não;;
PROJETO;50606.000347/2025-78;2026-07-14;Assinado;Bruno;2026-07-21;MG;00 00619/2024;BR-116;Projetos;Análise de Projeto - Contrato nº 619/2024 - rodovia BR-381/MG.;Ciência;25353250;25363259;;;2026-07-14;;2026-07-20;Bruno Pimenta Resende;2026-07-14;Sim;Não;;
ASSESSORIA COAC;50600.006549/2026-64;2026-07-14;Assinado;Maria Júlia;2026-07-14;-;-;-;Ministério;Limite de Movimentação e Empenho (LME) de programações classificadas como RP 7 – Emendas de Bancada.;Anexar planilha com, para cada empreendimento, o número de identificação do sistema Obrasgov.br ou justificativa.;25360480;25373340;25373333;;2026-07-14;;2026-07-14;Maria Julia de Miranda Fiel dos Santos;2026-07-14;Não;Sim;;
ASSESSORIA COAC;50600.006289/2025-46;2026-07-15;Assinado;Rafaela;2026-07-22;BA;-;BR-330;DNIT/SRE;Publicação de Termo de Transferência nº 66/2026 - Alienação da Travessia Urbana de Jequié/BA (BR-330/BA);Dar ciência;25376457;25389657;;;2026-07-15;Documento assinado por Marília Bomtempo em 27/07/2026;2026-07-27;Rafaela Nobrega;2026-07-15;Sim;Não;;
PROJETO;50600.034231/2024-10;2026-07-17;Assinado;Bruno;2026-07-24;BA;00 00391/2024;BR-030;Projetos;Relatório de Terraplenagem e Projeto Drenagem e resposta as anáises;Encaminhamento para a DPP e para a empresa;25390413;25505029;25505041;;2026-07-28;"25467099
25467200";2026-07-31;Bruno Pimenta Resende;2026-07-17;Sim;Não;"Bruno Pimenta Resende - 17/07/2026 11:43
Aguardar aval do servidor para envio para a empresa";
PROJETO;50600.023451/2025-91;2026-07-17;Assinado;Bruno;2026-07-30;RS;00 00375/2024;BR-304;Projetos; Projeto Básico de Sinalização e Projetos Básicos de OAEs (Arroio Lagoões Linha Geral e Acesso à Jaguarão);Encaminhamento de análise à empresa e projetos à DPP;25411340;25530349;25530371;;2026-07-30;"25466518
25466637";2026-07-31;Bruno Pimenta Resende;2026-07-17;Sim;Não;;
ASSESSORIA COAC;50001.144290/2026-16;2026-07-15;Assinado;Maria Júlia;2026-07-29;AL;-;-;FALA-BR;FALA.BR sobre atrasos de pagamentos referentes a contrato firmado entre a CONSPEL Locação de Máquinas LTDA. e Vanguarda Construções e Serviços de Conservação Viária, líder do Consórcio BR-101/AL, responsável pelo contrato n.º 083/2017.;Informar que não base legal para interferência por parte do DNIT na referida relação privada estabelecida entre as empresas. ;25389907;25413690;;;2026-07-20;;2026-07-21;Maria Julia de Miranda Fiel dos Santos;2026-07-17;Sim;Não;;
ASSESSORIA COAC;50600.022774/2026-48;2026-07-17;Assinado;Maria Júlia;2026-07-24;AM;-;BR-319;Externo;Solicitação da Infra SA de dados referentes à BR-319/AM para subsidiar estudos de estruturação de Parceria Público-Privada (PPP) da rodovia.;Informar sobre os contratos ativos na BR-319/AM.;25410841;25420677;;;2026-07-17;;2026-07-20;Maria Julia de Miranda Fiel dos Santos;2026-07-17;Sim;Sim;;
ASSESSORIA COAC;50600.021281/2026-91;2026-07-09;Assinado;Maria Júlia;2026-08-06;-;-;-;Externo;Cooperação Brasileira para o Desenvolvimento Internacional (COBRADI) 2025.;Informar sobre empreendimentos internacionais.;25322817;25433072;25433068;;2026-07-22;Documento assinado por Marília Bomtempo em 27/07/2026;2026-07-27;Rafaela Nobrega;2026-07-17;Sim;Não;;
ASSESSORIA COAC;50001.145874/2026-09;2026-07-20;Assinado;Maria Júlia;2026-07-26;MS;-;-;FALA-BR;FALA.BR solicitando documentação referente aos empenhos listados.;Passar os arquivos de contratos/aditivos sob gestão da CGCONT.;25416901;25446528;;;2026-07-22;Documento assinado por Marília Bomtempo em 27/07/2026;2026-07-27;Maria Julia de Miranda Fiel dos Santos;2026-07-20;Sim;Sim;;
PROJETO;50609.002327/2021-88;2026-07-21;Assinado;Bruno;2026-07-28;PR;09 00070/2022;BR-376;Projetos;Encaminhamento do cronograma;Encaminhamento para a SR;;25441646;;;2026-07-21;;2026-07-21;Bruno Pimenta Resende;2026-07-21;Sim;Não;;
PROJETO;50605.000092/2026-34;2026-07-22;Assinado;Bruno;2026-07-29;BA;05 00068/2026;BR-101;Projetos;Termo de aceite;Encaminhamento para a empresa;25414014;25517466;;;2026-07-29;25467726;2026-07-31;Bruno Pimenta Resende;2026-07-22;Sim;Não;;
PROJETO;50612.002355/2024-99;2026-07-22;Assinado;Bruno;2026-07-29;DF/GO;12 00350/2024;BR-101;Projetos;Termo de Aceite de desapropriação;Ciência;25431843;25475752;;;2026-07-23;;2026-07-31;Bruno Pimenta Resende;2026-07-22;Sim;Não;;
PROJETO;50606.000238/2023-99;2026-07-22;Assinado;Bruno;2026-07-29;MG;00 00277/2022;BR-101;Projetos;Relatório de Análise Sinalização;Encaminhamento de Termo de Aceita para a Empresa;25445600;25477139;;;2026-07-24;;2026-07-31;Bruno Pimenta Resende;2026-07-22;Sim;Não;"Bruno Pimenta Resende - 23/07/2026 17:47
Pedir pra Rozi atribuir para o Cleber pois tem um ofício DIR 25117618
----------------------------------------
Bruno Pimenta Resende - 23/07/2026 17:50
Atribuir via COOR";
PROJETO;50614.000348/2026-02;2026-07-22;Assinado;Bruno;2026-07-29;RN;14 00070/2026;BR-135;Projetos;Relatório de Projeto OAE;Encaminhamento para a empresa;25447760;25473654;;;2026-07-23;;2026-07-31;Bruno Pimenta Resende;2026-07-22;Sim;Não;;
ASSESSORIA COAC;50600.002918/2020-54;2026-07-22;Assinado;Rafaela;2026-07-29;PR;-;-;ANTT;Arrolamento da Via Perimetral de Foz do Iguaçu e das Pontes Internacionais;Informar as obras na região;25374784;25552835;;;2026-07-22;Documento assinado por Marília Bomtempo em 31/07/2026;2026-07-31;Rafaela Nobrega;2026-07-22;Não;Não;;
ASSESSORIA COAC;50600.022768/2026-91;2026-07-22;Assinado;Rafaela;2026-07-29;-;-;-;Ministério;Solicitação de informações - El Niño 2026/2027 e possíveis impactos nas infraestruturas de transportes terrestres;Informar sobre as mitigações possíveis;25449516;25463730;;;2026-07-22;Documento assinado por Marília Bomtempo em 27/07/2026;2026-07-27;Rafaela Nobrega;2026-07-22;Sim;Não;;
ASSESSORIA COAC;50600.022974/2026-09;2026-07-23;Assinado;Rafaela;2026-07-24;MT;-;-;Parlamentares;Requerimento de Informação nº 2214/2026 de autoria do Deputado Federal José Medeiros;Informar que não temos contrato para a área;25459776;25473397;;;2026-07-23;Documento assinado por Marília Bomtempo em 27/07/2026;2026-07-27;Rafaela Nobrega;2026-07-23;Sim;Não;;
ASSESSORIA COAC;50600.029806/2024-74;2026-07-23;Assinado;Rafaela;2026-07-30;MG;-;BR-116;ANTT;Concessão dos trechos da BR-116/MG e da BR-251/MG – Demandas em andamento;Informar que não existem contratos ativos para o trecho em questão;25441338;25475636;;;2026-07-23;Documento assinado por Marília Bomtempo em 27/07/2026;2026-07-27;Rafaela Nobrega;2026-07-23;Sim;Não;;
PROJETO;50605.000092/2026-34;2026-07-23;Assinado;Bruno;2026-07-30;BA;05 00068/2026;BR-116;Projetos;Cronograma novo;Ciência;25440461;25517499;;;2026-07-29;;2026-07-31;Bruno Pimenta Resende;2026-07-23;Sim;Não;;
PROJETO;50606.000347/2025-78;2026-07-27;Assinado;Bruno;2026-08-03;MG;00 00619/2024;BR-381;Projetos;Estudos ambientais;Verificar;25486547;25499638;;;2026-07-27;;2026-07-31;Bruno Pimenta Resende;2026-07-27;Sim;Não;;
ASSESSORIA COAC;50617.001306/2025-70;2026-07-29;Assinado;Rafaela;2026-08-05;ES;-;BR-262;DNIT/SRE;Celebração de Termo de Transferência nº 73/2026 - Alienação de trecho da rodovia BR-262/ES;Dar ciência;25500648;25517663;;;2026-07-29;Documento assinado por Marília Bomtempo em 30/07/2026;2026-07-30;Rafaela Nobrega;2026-07-29;Sim;Não;;
PROJETO;50609.002327/2021-88;2026-07-29;Assinado;Bruno;2026-08-05;PR;09 00070/2022;BR-376;Projetos;Manifestação quanto à análise do Cronograma e do Plano de Ação das obras de implantação e pavimentação da rodovia BR-376/PR.;Encaminhamento para SR com resposta e ciência;25513767;25526467;;;2026-07-30;;2026-07-31;Bruno Pimenta Resende;2026-07-29;Sim;Não;;
ASSESSORIA COAC;50001.146522/2026-62;2026-08-06;Assinado;Rafaela;2026-08-11;BA;-;BR-415;FALA-BR;Solicitação de informações - Lei de Acesso à Informação;Informar que não temos nada na BR solicitada;25567838;25598746;;;2026-08-06;Documento assinado por Thiago Pitombeira e Marília Bomtempo em 10/08/2026;2026-08-10;Rafaela Nobrega;2026-08-06;Não;Não;;
PROJETO;50600.031376/2022-99;2026-08-03;Assinado;Gabrielle;2026-08-10;PR;09 00070/2022;BR-376;Projetos;Encaminhamento de cartas e análises ;Encaminhar para empresa e DPP;25557757;25598464;25598469;;2026-08-06;;2026-08-10;Gabrielle Afonso Pereira Nogueira;2026-08-06;Sim;Não;;
PROJETO;50600.037160/2024-07;2026-08-06;Assinado;Bruno;2026-08-13;BA;00 00392/2024;BR-030;Projetos;Emissão de Termo de Aceite - rodovia BR-030/BA - Contrato nº 392/2024.;Enviar para empresa e ciência;25596336;25762139;25762501;;2026-08-21;"25689810
25689846";2026-08-21;Bruno Pimenta Resende;2026-08-07;Sim;Não;;
PROJETO;50600.003198/2025-59;2026-08-03;Assinado;Gabrielle;2026-08-10;PA;02 00261/2024;BR-230;Projetos;Análise de Projeto - Contrato nº 261/2024 - Rodovia BR-230/PA.;"Encaminhar análise para empresa 
Ficar de olho porque chegou novo cronograma enviado sobre as pontes - atualizar na planilha ";25563918;25634231;;;2026-08-10;;2026-08-21;Bruno Pimenta Resende;2026-08-07;Sim;Não;;
PROJETO;50606.003862/2025-18;2026-08-07;Assinado;Bruno;2026-08-14;MG;00 00041/2025;BR-381;Projetos;Encaminhamento de Relatório de Análise dos Estudos Topográficos - Contrato nº 41/2025 - Rodovia BR-381/MG - Lote 8B.;Encaminhar para empresa a análise e dar ciencia nos projetos já encaminhados para a DPP;25560395;25712493;;;2026-08-18;25641497;2026-08-21;Bruno Pimenta Resende;2026-08-07;Sim;Não;;
ASSESSORIA COAC;50600.006289/2025-46;2026-08-10;Elaborado;Rafaela;2026-08-17;BA;-;BR-330;DNIT/SRE;Alienação da Travessia Urbana de Jequié/BA (BR-330/BA);Dar ciência;25587080;25628302;;;2026-08-10;;2026-08-10;Rafaela Nobrega;2026-08-10;Sim;Não;;
PROJETO;50600.023451/2025-91;2026-08-07;Assinado;Bruno;2026-08-14;RS;00 00375/2024;BR-116;Projetos;Contrato n. 375/2024 - BR-116/RS. ;"Ciencia de justificativa de análise de projeto 
Encaminhamento de analise para empresa";25615458;25744306;25744309;;2026-08-20;"25632978
25633308
25697152
25697159";2026-08-21;Bruno Pimenta Resende;2026-08-10;Sim;Não;;
PROJETO;50606.000347/2025-78;2026-08-03;Assinado;Gabrielle;2026-08-10;MG;00 00619/2024;BR-381;Projetos;Encaminhamento dos Estudos Geotécnicos – Rev. C da Rodovia BR-381/MG – Lote 8A;Encaminhamento para DPP;25561804;25642652;;;2026-08-11;;2026-08-21;Bruno Pimenta Resende;2026-08-11;Não;Não;;
ASSESSORIA COAC;50600.023834/2026-40;2026-08-12;Assinado;Rafaela;2026-08-26;-;-;-;DNIT/SRE;Elaboração PAINT/2027;Informar que não temos sugestões a dar;25642494;25664625;;;2026-08-12;;2026-08-24;Maria Julia de Miranda Fiel dos Santos;2026-08-12;Sim;Sim;;
ASSESSORIA COAC;50614.002988/2025-68;2026-08-12;Revisado;Maria Júlia;2026-08-19;RN;00 00800/2025;BR-304;DNIT/SRE;Apresentação de considerações acerca do resultado da aplicação do Indicador de Percepção de Maturidade de Projeto (iPMP) ao projeto de engenharia da adequação de capacidade (duplicação) da rodovia BR-304/RN, Lote 1B.;Dar ciência sobre a determinação da DIR e concluir.;25615239;25667030;;;2026-08-12;;2026-08-12;Maria Julia de Miranda Fiel dos Santos;2026-08-12;Sim;Não;;
PROJETO;50609.004210/2023-09;2026-08-13;Assinado;Bruno;2026-08-20;PR;09 00397/2021;BR-487;Projetos;Relatório de Análise;Encaminhamento para a empresa e ciência;25642428;25726799;25728199;;2026-08-19;;2026-08-21;Bruno Pimenta Resende;2026-08-13;Sim;Não;;
ASSESSORIA COAC;50600.002599/2024-19;2026-08-12;Assinado;Maria Júlia;2026-08-28;-;-;-;DNIT/SRE;Indicadores Estratégicos do Planejamento Estratégico Institucional (PEI) 2023-2026.;Informar que os dados relativos aos meses de junho e julho de 2026 ainda não foram consolidados.;25651331;;;;2026-08-12;;2026-08-24;Maria Julia de Miranda Fiel dos Santos;2026-08-13;Sim;Sim;;
PROJETO;50600.034231/2024-10;2026-08-17;Assinado;Bruno;2026-08-24;BA;00 00391/2024;BR-030;Projetos;Justificativa de análises e análise de obras complementares;Encaminhamento para a DPP e análise para a empresa;25680750;25744198;25744216;;2026-08-20;"25701604
25701610";2026-08-21;Bruno Pimenta Resende;2026-08-17;Sim;Não;;
ASSESSORIA COAC;50600.032208/2011-68;2026-05-11;Assinado;Maria Júlia;2026-05-18;MT;-;-;DNIT/SRE;Termo de Compromisso n.º 764/2011 (Contorno Norte de Cuiabá - Várzea Grande).;Despacho de conclusão.;24707848;24942792;;;2026-08-18;;2026-07-27;Maria Julia de Miranda Fiel dos Santos;2026-08-18;Sim;Não;;
ASSESSORIA COAC;50600.024343/2026-16;2026-08-17;Assinado;Maria Júlia;2026-08-20;-;-;-;Externo;Solicitações do Movimento dos Trabalhadores e Trabalhadoras do Campo (MTC) Brasil nos estados do Ceará e Pernambuco. ;Informar a respeito da inexistência de contratos no trecho.;25710241;25714153;;;2026-08-18;;2026-08-20;Maria Julia de Miranda Fiel dos Santos;2026-08-18;Sim;Sim;;
PROJETO;50619.000790/2024-19;2026-08-20;Assinado;Bruno;2026-08-27;MS;19 00758/2023;BR-267;Projetos;Análise de contenções;Encaminhamento para a empresa;25734677;25744487;;;2026-08-20;;2026-08-21;Bruno Pimenta Resende;2026-08-20;Sim;Não;;
PROJETO;50605.000092/2026-34;2026-08-20;Assinado;Bruno;2026-08-27;BA;05 00068/2026;BR-267;Projetos;Análise de Projeto - Contrato nº 68/2026 - rodovia BR-101/BA.;Ciência, encaminhamento para SR e encaminhamento de análise para a empresa;25718933;25745044;25745226;;2026-08-20;;2026-08-21;Bruno Pimenta Resende;2026-08-20;Sim;Não;;
PROJETO;50604.001490/2023-35;2026-08-20;Assinado;Bruno;2026-08-27;PE;04 00260/2021;BR-423;Projetos;Emissão de Termo de Aceite - rodovia BR-423/PE lote 01.;Encaminhamento para empresa;25716064;25745617;;;2026-08-20;;2026-08-21;Bruno Pimenta Resende;2026-08-20;Sim;Não;;
PROJETO;50623.001449/2019-54;2026-08-20;Assinado;Bruno;2026-08-27;TO;23 00217/2017;BR-153;Projetos;Projeto de Orçamento;Encaminhamento para CGDESP;25718012;25745723;;;2026-08-20;;2026-08-21;Bruno Pimenta Resende;2026-08-20;Sim;Não;;
PROJETO;50600.031376/2022-99;2026-08-20;Assinado;Bruno;2026-08-27;PR;09 00070/2022;BR-376;Projetos;Relatório de Análise de Estudos e Projetos - Contrato nº 70/2022.;Encaminhamento para DPP e empresa;25709178;25745941;25746726;;2026-08-20;;2026-08-21;Bruno Pimenta Resende;2026-08-20;Sim;Não;;
ASSESSORIA COAC;50001.163232/2026-83;2026-08-20;Assinado;Rafaela;2026-08-24;-;-;-;FALA-BR;Solicitação de informações sobre gastos com recuperação de dispositivos e elementos viários danificados em acidentes - Lei de Acesso à Informação;Informar que não é competência desta coordenação;25710353;25747573;;;2026-08-20;;2026-08-24;Maria Julia de Miranda Fiel dos Santos;2026-08-20;Sim;Sim;;
ASSESSORIA COAC;50600.024879/2026-31;2026-08-21;Revisado;Rafaela;2026-09-03;MT;-;BR-158;Parlamentares;Requerimento de Informação n.º 2424/2026, de autoria do Deputado Federal José Medeiros.;Informar acerca dos contratos 11 00209/2025 e 11 00159/2022.;25750742;25777190;25777175;;2026-08-24;;2026-08-21;Maria Julia de Miranda Fiel dos Santos;2026-08-21;Sim;Sim;;
ASSESSORIA COAC;50600.024734/2026-31;2026-08-18;Assinado;Maria Júlia;2026-08-31;MT;-;-;Parlamentares;Requerimento de Informação n.º 2384/2026, de autoria do Deputado Federal José Medeiros, sobre BR-163-364/MT.;Informar sobre o Contorno Norte de Cuiabá.;25723730;25764193;;;2026-08-24;;2026-08-31;Maria Julia de Miranda Fiel dos Santos;2026-08-24;Sim;Não;;
PROJETO;50606.003862/2025-18;2026-08-24;Assinado;Bruno;2026-08-31;MG;00 00041/2025;BR-425;Projetos;Estudos Hidrológicos – Rev. A ;Ciência;25769324;25790188;;;2026-08-25;;2026-08-27;Bruno Pimenta Resende;2026-08-24;Não;Não;;
PROJETO;50600.031376/2022-99;2026-08-24;Assinado;Bruno;2026-08-31;PR;09 00070/2022;BR-376;Projetos;Relatório de Análise do Contrato nº 70/2022 - rodovia BR-376/PR.;Tratativa de cronograma e ciência;25767894;25803797;25803819;;2026-08-25;;2026-08-27;Bruno Pimenta Resende;2026-08-24;Sim;Não;;
PROJETO;50008.000401/2026-13;2026-08-25;Assinado;Bruno;2026-09-01;AP;-;BR-376;Projetos;Análise de Projetos - Contrato nº 459/2024 - rodovia BR-156/AP.;Enviar ofício de ciência falando das responsabilidades de envio.;25773505;25789242;;;2026-08-25;;2026-08-27;Bruno Pimenta Resende;2026-08-25;Sim;Não;;
PROJETO;50603.000829/2024-77;2026-08-26;Em elaboração;Bruno;2026-09-02;CE;03 00077/2024;BR-116;Projetos;"Projeto Executivo de Obras Complementares – Rev A
Projeto Básico – Viaduto Entroncamento CE-354 – Rev A";Verificar;25793187;;;;2026-08-26;;2026-08-26;Bruno Pimenta Resende;2026-08-26;Não;Não;;
PROJETO;50600.034315/2025-26;2026-08-26;Revisado;Bruno;2026-09-02;RO;-;BR-364;Projetos;Solicitação de apoio na localização de projetos - BR-364/RO.;"Instrução de termo de recebimento de obra verificar responsabilidade de quem é
In 15.2021 artigo 13";25783979;25847334;;;2026-08-31;;2026-08-26;Bruno Pimenta Resende;2026-08-26;Sim;Não;;
PROJETO;50600.023451/2025-91;2026-08-26;Em elaboração;Bruno;2026-09-02;RS;00 00375/2024;BR-116;Projetos;Justificativa das análises;Enviar à DPP;25791018;;;;2026-08-26;;2026-08-26;Bruno Pimenta Resende;2026-08-26;Não;Não;;
PROJETO;50622.002567/2025-38;2026-08-26;Revisado;Bruno;2026-09-02;RO;00 00461/2025;BR-425;Projetos;PROJETO BÁSICO GEOMÉTRICO E DE INTERSEÇÃO;Verificar;25789835;25825512;;;2026-08-28;;2026-08-26;Bruno Pimenta Resende;2026-08-26;Sim;Não;;
PROJETO;50606.000347/2025-78;2026-08-27;Revisado;Bruno;2026-09-03;MG;00 00619/2024;BR-381;Projetos;Relatórios de análise;Ciência e encaminhamento de análise;25806588;25844883;25844905;;2026-08-31;;2026-08-27;Bruno Pimenta Resende;2026-08-27;Sim;Não;;
PROJETO;50619.000790/2024-19;2026-08-28;Revisado;Bruno;2026-09-04;MS;19 00758/2023;BR-267;Projetos; Emissão de Termo de Aceite - Contrato nº 758/2023 - rodovia BR-267/MS.;Encaminhar para a empresa;25810999;25822480;;;2026-08-28;;2026-08-28;Bruno Pimenta Resende;2026-08-28;Sim;Não;;
ASSESSORIA COAC;50600.025173/2026-97;2026-08-25;Assinado;Maria Júlia;2026-08-31;-;-;-;Externo;Pedido da Agência de Inteligência (ABIN) de informações a fim de subsidiar o planejamento e execução de ações de prevenção e resposta relacionadas ao fenômeno El Niño 2026/2027.;Informar sobre os contratos ativos nos trechos.;25793931;25817564;;;2026-08-28;;2026-08-31;Maria Julia de Miranda Fiel dos Santos;2026-08-31;Sim;Sim;;
PROJETO;50600.031376/2022-99;2026-08-31;Em elaboração;Bruno;2026-09-07;PR;09 00070/2022;BR-381;Projetos;Projeto Executivo de OAE 08;Verificar;25830456;;;;2026-08-31;;2026-08-31;Bruno Pimenta Resende;2026-08-31;Não;Não;;
PROJETO;50008.000401/2026-13;2026-08-31;Revisado;Bruno;2026-09-07;AP;-;BR-156;Projetos;Contrato 00 00459/2024 - Informação sobre Fluxo de Projetos - BR-156/AP;"Falar que a CGCONT é uniadde gestora
Pedindo cronograma aprovado
Caso atrasado notificar";;25846165;;;2026-08-31;;2026-08-31;Bruno Pimenta Resende;2026-08-31;Sim;Não;;
